Year,Constituency_No,Constituency_Name,District_Name,BJP_VoteShare,SP_VoteShare,BSP_VoteShare,INC_VoteShare,Turnout,Margin_of_Victory,BJP_Won,Incumbent,Region,Muslim_Perc,Dalit_Jatav_Perc,Dalit_NonJatav_Perc,OBC_Yadav_Perc,OBC_NonYadav_Perc,UpperCaste_Perc
2002,1,SEOHARA,SAHARANPUR,21.8,8.78,23.11,3.85,60.04,7.05,0,1,Western UP,26,12,6,4,30,22
2002,2,DHAMPUR,SAHARANPUR,0,36.63,27.38,1.16,59.34,25.65,0,0,Western UP,26,12,6,4,30,22
2002,3,AFZALGARH,SAHARANPUR,24.76,3.62,24.33,0.72,61.1,11.18,1,1,Western UP,26,12,6,4,30,22
2002,4,NAGINA,SAHARANPUR,28.48,31.66,30.08,2.22,56.91,25.97,0,0,Western UP,26,12,6,4,30,22
2002,5,NAZIBABAD,SAHARANPUR,0,0,29.88,3.22,51.3,19.61,0,0,Western UP,26,12,6,4,30,22
2002,6,BIJNOR,SAHARANPUR,35.17,24.16,23.39,2.17,57.87,20.06,1,0,Western UP,26,12,6,4,30,22
2002,7,CHANDPUR,SAHARANPUR,0,8.62,29.59,0.81,61.47,12.26,0,1,Western UP,26,12,6,4,30,22
2002,8,KANTH,PRABUDDHA NAGAR,28.01,10.46,34.99,2,65.79,17.26,0,0,Western UP,26,12,6,4,30,22
2002,9,AMROHA,PRABUDDHA NAGAR,0,5.29,9.43,3.19,58.79,25.52,0,0,Western UP,26,12,6,4,30,22
2002,10,HASANPUR,PRABUDDHA NAGAR,3.92,23.56,23.99,2.99,64.43,19.64,0,0,Western UP,26,12,6,4,30,22
2002,11,GANGESHWARI,MUZAFFARNAGAR,16.13,35.61,28.26,1.45,64.83,12.27,0,1,Western UP,26,12,6,4,30,22
2002,12,SAMBHAL,MUZAFFARNAGAR,0,36.13,16.9,1.68,61.85,14.65,0,1,Western UP,26,12,6,4,30,22
2002,13,BAHJOI,MUZAFFARNAGAR,0,26.04,37.05,1.41,62.18,12.03,0,1,Western UP,26,12,6,4,30,22
2002,14,CHANDAUSI,MUZAFFARNAGAR,34.09,33.5,26.19,1.71,52.83,24.48,1,1,Western UP,26,12,6,4,30,22
2002,15,KUNDERKI,MUZAFFARNAGAR,23.27,35.01,19.78,2.57,63.5,11.73,0,1,Western UP,26,12,6,4,30,22
2002,16,MORADABAD WEST,MUZAFFARNAGAR,22.18,22.33,28.51,3.21,50.74,10.57,0,0,Western UP,26,12,6,4,30,22
2002,17,MORADABAD,BIJNOR,42.21,24.53,1.01,27.46,46.86,23.41,1,1,Rohilkhand,32,11,6,6,28,17
2002,18,MORADABAD RURAL,BIJNOR,0,25.01,20.63,34.97,59.91,13.33,0,1,Rohilkhand,32,11,6,6,28,17
2002,19,THAKURDWARA,BIJNOR,45.74,3.29,4.28,44.04,78.71,39.76,1,0,Rohilkhand,32,11,6,6,28,17
2002,20,SUAR TANDA,BIJNOR,29.52,2.35,20.48,43.72,67.65,18.13,0,1,Rohilkhand,32,11,6,6,28,17
2002,21,RAMPUR,BIJNOR,0,58.28,4.41,28.33,45.96,29.95,0,1,Rohilkhand,32,11,6,6,28,17
2002,22,BILASPUR,BIJNOR,0,32.94,13.91,20.97,64.02,11.97,0,0,Rohilkhand,32,11,6,6,28,17
2002,23,SHAHABAD,BIJNOR,32.63,41.03,5.12,5.12,55.86,22.02,0,1,Rohilkhand,32,11,6,6,28,17
2002,24,BISAULI,BIJNOR,0,29.1,26.27,1.63,59.91,15.51,0,1,Rohilkhand,32,11,6,6,28,17
2002,25,GUNNAUR,MORADABAD,0,32.31,19.76,3.44,57.56,14.46,0,1,Rohilkhand,32,11,6,6,28,17
2002,26,SAHASWAN,MORADABAD,0,46.86,14.46,1.35,55.48,21.45,0,1,Rohilkhand,32,11,6,6,28,17
2002,27,BILSI,MORADABAD,28.6,38.76,22.21,1.12,57.59,16.57,0,0,Rohilkhand,32,11,6,6,28,17
2002,28,BUDAUN,MORADABAD,24.29,25.18,27.73,15.71,50.21,11.16,0,1,Rohilkhand,32,11,6,6,28,17
2002,29,USEHAT,MORADABAD,0,30.49,24.18,3.04,60.35,8.97,0,0,Rohilkhand,32,11,6,6,28,17
2002,30,BINAWAR,MORADABAD,3.03,22.13,25.05,5.85,61.91,12.49,0,0,Rohilkhand,32,11,6,6,28,17
2002,31,DATAGANJ,BHEEM NAGAR,22.21,23.61,22.04,19.72,60.53,11.92,0,1,Rohilkhand,32,11,6,6,28,17
2002,32,AONLA,BHEEM NAGAR,33.15,32.95,22.72,2.77,62.76,19.07,1,0,Rohilkhand,32,11,6,6,28,17
2002,33,SUNHA,BHEEM NAGAR,22.19,23.64,25.91,12.95,61.09,9.91,0,1,Rohilkhand,32,11,6,6,28,17
2002,34,FARIDPUR,RAMPUR,34.99,35.2,12.04,10.85,56.82,22.94,0,1,Rohilkhand,32,11,6,6,28,17
2002,35,BAREILLY CANTONMENT,RAMPUR,16.53,0,15.36,20.6,46.49,13.97,0,0,Rohilkhand,32,11,6,6,28,17
2002,36,BAREILLY CITY,RAMPUR,39.61,25.7,9.76,21.63,33.82,13.91,1,1,Rohilkhand,32,11,6,6,28,17
2002,37,NAWABGANJ,RAMPUR,25.67,46.87,13.23,8.79,67.45,21.2,0,0,Rohilkhand,32,11,6,6,28,17
2002,38,BHOJIPURA,RAMPUR,23.38,29.89,25.44,1.93,63.11,11.63,0,0,Rohilkhand,32,11,6,6,28,17
2002,39,KAWAR,JYOTIBA PHULE NAGAR,19.92,30.27,28.12,2.39,69.59,8.89,0,1,Rohilkhand,32,11,6,6,28,17
2002,40,BAHERI,JYOTIBA PHULE NAGAR,15.93,24.48,22.7,15.76,68.6,18.92,0,1,Rohilkhand,32,11,6,6,28,17
2002,41,PILIBHIT,JYOTIBA PHULE NAGAR,20.92,29.03,6.46,14.48,57.77,8.11,0,1,Rohilkhand,32,11,6,6,28,17
2002,42,BARKHERA,JYOTIBA PHULE NAGAR,0,31.87,11.11,2.59,59.45,12.23,0,1,Rohilkhand,32,11,6,6,28,17
2002,43,BISALPUR,MEERUT,0,17.43,24.24,0.66,64.48,10.14,0,0,Western UP,26,12,6,4,30,22
2002,44,PURANPUR,MEERUT,26.48,21.22,15.62,1.53,65.75,7.18,1,1,Western UP,26,12,6,4,30,22
2002,45,POWAYAN,MEERUT,17.26,19.65,0,17.43,59.32,11.68,0,1,Western UP,26,12,6,4,30,22
2002,46,NIGOHI,MEERUT,34.93,17.12,34.28,8.17,65.65,17.16,1,1,Western UP,26,12,6,4,30,22
2002,47,TILHAR,MEERUT,8.75,34.88,14.18,35.96,57.74,20.7,0,1,Western UP,26,12,6,4,30,22
2002,48,JALALABAD,MEERUT,14.97,31.12,19.65,14.66,61.68,11.47,0,1,Western UP,26,12,6,4,30,22
2002,49,DADRAUL,MEERUT,21.11,22.4,25.62,12.34,63.22,8.76,0,1,Western UP,26,12,6,4,30,22
2002,50,SHAHJAHANPUR,BAGHPAT,47.9,31.78,5.48,11.03,50.07,20.76,1,1,Western UP,26,12,6,4,30,22
2002,51,MOHAMDI,BAGHPAT,34.6,35.79,22.35,2.35,59.91,20,0,0,Western UP,26,12,6,4,30,22
2002,52,HAIDERABAD,BAGHPAT,22.96,39.03,29.94,1.84,62.08,21.12,0,1,Western UP,26,12,6,4,30,22
2002,53,PAILA,GHAZIABAD,18.79,23.37,27.39,4.01,56.8,6.22,0,0,Western UP,26,12,6,4,30,22
2002,54,LAKHIMPUR,GHAZIABAD,0,35.4,27.57,2.39,48.33,25.18,0,1,Western UP,26,12,6,4,30,22
2002,55,SRINAGAR,GHAZIABAD,0,25.82,28.92,10.93,62.74,13.5,0,1,Western UP,26,12,6,4,30,22
2002,56,NIGHASAN,GHAZIABAD,21.73,23.59,26.18,8.17,57.05,10.33,0,0,Western UP,26,12,6,4,30,22
2002,57,DHAUREHRA,GHAZIABAD,0,33.61,28.54,4.28,64.63,16.57,0,0,Western UP,26,12,6,4,30,22
2002,58,BEHTA,PANCHSHEEL NAGAR,24.18,36.08,25.99,3.96,61.25,18.57,0,0,Western UP,26,12,6,4,30,22
2002,59,BISWAN,PANCHSHEEL NAGAR,25.72,29.85,22.64,13.82,60.51,12.13,0,1,Western UP,26,12,6,4,30,22
2002,60,MAHMUDABAD,PANCHSHEEL NAGAR,32.33,23.04,21.97,15.22,63.72,13.28,1,1,Western UP,26,12,6,4,30,22
2002,61,SIDHAULI,GAUTAM BUDH NAGAR,18.27,34.26,33.94,6.79,59.28,15.67,0,1,Western UP,26,12,6,4,30,22
2002,62,LAHARPUR,GAUTAM BUDH NAGAR,20.74,32.02,31.77,9.44,60,11.3,0,1,Western UP,26,12,6,4,30,22
2002,63,SITAPUR,GAUTAM BUDH NAGAR,28.03,44.05,15.64,2.23,53.14,16.02,0,1,Western UP,26,12,6,4,30,22
2002,64,HARGAON,BULANDSHAHR,30.62,29.34,30.67,4.11,56.58,25.23,0,0,Western UP,26,12,6,4,30,22
2002,65,MISRIKH,BULANDSHAHR,14.49,40.89,26.8,6.57,58.74,14.1,0,0,Western UP,26,12,6,4,30,22
2002,66,MACHHREHTA,BULANDSHAHR,0,19.67,43.61,3.83,56.94,21.23,0,1,Western UP,26,12,6,4,30,22
2002,67,BENIGANJ,BULANDSHAHR,21.58,31.48,35.13,2.5,55.74,16.74,0,1,Western UP,26,12,6,4,30,22
2002,68,SANDILA,BULANDSHAHR,25.96,26.13,41.48,1.27,60.68,24.7,0,1,Western UP,26,12,6,4,30,22
2002,69,AHIRORI,BULANDSHAHR,11.63,42.55,38.92,1.49,57.54,27.29,0,1,Western UP,26,12,6,4,30,22
2002,70,HARDOI,BULANDSHAHR,17.62,48.72,28.43,1.86,58.3,20.29,0,1,Western UP,26,12,6,4,30,22
2002,71,BAWAN,ALIGARH,40.2,31.61,21.84,1.37,61.21,20.44,1,1,Western UP,26,12,6,4,30,22
2002,72,PIHANI,ALIGARH,13.28,40.54,36.12,1.44,60.79,22.83,0,1,Western UP,26,12,6,4,30,22
2002,73,SHAHABAD,ALIGARH,30.4,25.76,23.72,2.31,60.49,10.82,1,1,Western UP,26,12,6,4,30,22
2002,74,BILGRAM,ALIGARH,18.31,28.58,17.35,17.45,61.67,12.98,0,1,Western UP,26,12,6,4,30,22
2002,75,MALLAWAN,ALIGARH,0,18.34,25.72,25.63,61.95,14.57,0,1,Western UP,26,12,6,4,30,22
2002,76,BANGARMAU,ALIGARH,24.31,27.88,32.03,5.75,59.06,18.56,0,0,Western UP,26,12,6,4,30,22
2002,77,SAFIPUR,ALIGARH,22.57,32.23,24.32,3.19,54.95,14.88,0,0,Western UP,26,12,6,4,30,22
2002,78,UNNAO,MAHAMAYA NAGAR,16.8,20.79,24.71,21.95,45.22,9.74,0,0,Western UP,26,12,6,4,30,22
2002,79,HADHA,MAHAMAYA NAGAR,29.42,27.97,16.27,11.41,56.63,11.7,1,1,Western UP,26,12,6,4,30,22
2002,80,BHAGWANTNAGAR,MAHAMAYA NAGAR,23.78,21.88,42,5.66,51.79,18.23,0,1,Western UP,26,12,6,4,30,22
2002,81,PURWA,MATHURA,28.04,35.18,22.78,1.59,59.85,14.95,0,1,Western UP,26,12,6,4,30,22
2002,82,HASANGANJ,MATHURA,30.12,25.57,28.02,5.18,56.46,17.4,1,1,Western UP,26,12,6,4,30,22
2002,83,MALIHABAD,MATHURA,6.12,28.04,12.65,0.62,64.35,19.33,0,0,Western UP,26,12,6,4,30,22
2002,84,MAHONA,MATHURA,29.83,37.7,16.93,5.89,41.7,12.9,0,1,Western UP,26,12,6,4,30,22
2002,85,LUCKNOW EAST,MATHURA,33.31,32.82,4.34,13.83,31.14,18.99,1,1,Western UP,26,12,6,4,30,22
2002,86,LUCKNOW WEST,AGRA,46.04,34.43,6.89,6.68,29.56,27.53,1,1,Western UP,26,12,6,4,30,22
2002,87,LUCKNOW CENTRAL,AGRA,38.94,26.53,9.77,14.07,31.89,12.46,1,1,Western UP,26,12,6,4,30,22
2002,88,LUCKNOW CANTONMENT,AGRA,40.52,23.47,6.81,22.8,31.48,17.05,1,1,Western UP,26,12,6,4,30,22
2002,89,SAROJININAGAR,AGRA,16.77,30.87,32.62,8.82,52.54,14.1,0,1,Western UP,26,12,6,4,30,22
2002,90,MOHANLALGANJ,AGRA,0,25.85,13.39,1.83,58.28,19.88,0,0,Western UP,26,12,6,4,30,22
2002,91,BACHHRAWAN,AGRA,0,42.35,19.12,9.95,58.56,23.23,0,0,Western UP,26,12,6,4,30,22
2002,92,TILOI,AGRA,24.74,3.28,19.28,24.02,57.51,15.45,1,1,Western UP,26,12,6,4,30,22
2002,93,RAE BARELI,AGRA,0,12.83,3.16,74.18,53.95,61.36,0,1,Western UP,26,12,6,4,30,22
2002,94,SATAON,AGRA,8.22,24.17,29.84,6.69,56.9,9.9,0,1,Western UP,26,12,6,4,30,22
2002,95,SARENI,FIROZABAD,19.41,25.75,16.94,20.86,56.76,7.19,0,1,Western UP,26,12,6,4,30,22
2002,96,DALMAU,FIROZABAD,27.84,26.65,27.95,9.23,64.26,17.42,0,1,Western UP,26,12,6,4,30,22
2002,97,SALON,FIROZABAD,18.5,28.29,11.87,25.17,56.36,6.67,0,0,Western UP,26,12,6,4,30,22
2002,98,KUNDA,FIROZABAD,0,6.28,3.33,1.69,44.92,75.85,0,1,Western UP,26,12,6,4,30,22
2002,99,BIHAR,FIROZABAD,0,15.55,5,1.65,51.91,56.73,0,0,Western UP,26,12,6,4,30,22
2002,100,RAMPUR KHAS,KANSHIRAM NAGAR,2.31,0.95,8.58,61.48,54.72,45.53,0,1,Western UP,26,12,6,4,30,22
2002,101,GADWARA,KANSHIRAM NAGAR,0,17.7,19.81,1.9,51.28,8.62,0,0,Western UP,26,12,6,4,30,22
2002,102,PRATAPGARH,KANSHIRAM NAGAR,26.09,22.62,16.65,1.67,50.31,14.59,1,0,Western UP,26,12,6,4,30,22
2002,103,BIRAPUR,ETAH,40.31,22.81,17.48,2.02,53.53,17.5,1,0,Western UP,26,12,6,4,30,22
2002,104,PATTI,ETAH,42.48,9.71,28.97,2.01,57.36,18.1,1,1,Western UP,26,12,6,4,30,22
2002,105,AMETHI,ETAH,42.23,16.43,5.3,28.06,55.9,14.16,1,0,Western UP,26,12,6,4,30,22
2002,106,GAURIGANJ,ETAH,22.51,21.35,22.4,22.71,57.5,15.84,0,1,Western UP,26,12,6,4,30,22
2002,107,JAGDISHPUR,MAINPURI,19.15,25.45,16.12,33.04,51.78,14.48,0,0,Western UP,26,12,6,4,30,22
2002,108,ISSAULI,MAINPURI,21.65,43.41,22.58,4.97,54.27,20.83,0,1,Western UP,26,12,6,4,30,22
2002,109,SULTANPUR,MAINPURI,22.48,18.46,17.08,18.47,45.96,8.79,1,0,Western UP,26,12,6,4,30,22
2002,110,JAISINGHPUR,MAINPURI,13.7,16.67,23.32,18.39,56.13,12.34,0,0,Western UP,26,12,6,4,30,22
2002,111,CHANDA,BADAUN,14.63,26.39,25.33,15.4,54.51,9.92,0,0,Rohilkhand,32,11,6,6,28,17
2002,112,KADIPUR,BADAUN,22.39,0,26.76,15.46,56.01,6.93,0,0,Rohilkhand,32,11,6,6,28,17
2002,113,KATEHARI,BADAUN,0,35.46,38.44,4.16,53.99,25.46,0,1,Rohilkhand,32,11,6,6,28,17
2002,114,AKBARPUR,BADAUN,0,24.45,34.86,3.48,62.81,20.29,0,1,Rohilkhand,32,11,6,6,28,17
2002,115,JALALPUR,BADAUN,28.34,34.15,30.87,1.16,58.81,25.89,0,0,Rohilkhand,32,11,6,6,28,17
2002,116,JAHANGIRGANJ,BADAUN,26.51,31.09,35.56,7.52,56.8,33.36,0,1,Rohilkhand,32,11,6,6,28,17
2002,117,TANDA,BADAUN,0,38.01,45.02,1.79,58.27,29.99,0,1,Rohilkhand,32,11,6,6,28,17
2002,118,AYODHYA,BAREILLY,38.72,24.11,25.24,6.32,47.11,17.79,1,1,Rohilkhand,32,11,6,6,28,17
2002,119,BIKAPUR,BAREILLY,16.67,32.39,27.29,11.74,55.53,10.62,0,1,Rohilkhand,32,11,6,6,28,17
2002,120,MILKIPUR,BAREILLY,37.79,40.06,10.72,3.81,54.58,27.07,0,0,Rohilkhand,32,11,6,6,28,17
2002,121,SOHAWAL,BAREILLY,28.72,35.36,14.92,11.31,53.28,13.79,0,1,Rohilkhand,32,11,6,6,28,17
2002,122,RUDAULI,BAREILLY,15.06,40.22,23.82,3.1,59.39,16.4,0,1,Rohilkhand,32,11,6,6,28,17
2002,123,DARIYABAD,BAREILLY,33.29,27.68,26.41,1.19,61.47,22.63,1,1,Rohilkhand,32,11,6,6,28,17
2002,124,SIDDHAUR,BAREILLY,26.91,28.81,33.63,1.36,60.49,24.74,0,1,Rohilkhand,32,11,6,6,28,17
2002,125,HAIDERGARH,BAREILLY,52.65,33.64,6.48,1.76,62.93,27.15,1,1,Rohilkhand,32,11,6,6,28,17
2002,126,MASAULI,BAREILLY,0,44.19,6.02,1.1,68.79,35.1,0,1,Rohilkhand,32,11,6,6,28,17
2002,127,NAWABGANJ,PILIBHIT,31.67,31.69,29.08,3.14,57.52,25.94,0,1,Rohilkhand,32,11,6,6,28,17
2002,128,FATEHPUR,PILIBHIT,36.66,26.69,16.55,2.83,60.13,10.15,1,0,Rohilkhand,32,11,6,6,28,17
2002,129,RAMNAGAR,PILIBHIT,26.58,16.29,17.91,16.28,60.3,11.8,1,1,Rohilkhand,32,11,6,6,28,17
2002,130,KAISERGANJ,PILIBHIT,33.27,19.44,30.13,4.09,52.69,10.69,1,0,Rohilkhand,32,11,6,6,28,17
2002,131,FAKHARPUR,SHAHJAHANPUR,40.63,41.59,10.74,1.42,60.88,29.89,0,1,Rohilkhand,32,11,6,6,28,17
2002,132,MAHSI,SHAHJAHANPUR,21.25,31.86,36.96,2.03,57.67,18.33,0,0,Rohilkhand,32,11,6,6,28,17
2002,133,NANPARA,SHAHJAHANPUR,36.84,6.65,35.76,1.55,55.65,29.11,1,1,Rohilkhand,32,11,6,6,28,17
2002,134,CHARDA,SHAHJAHANPUR,25.89,38.65,14.14,5.78,52.27,12.76,0,0,Rohilkhand,32,11,6,6,28,17
2002,135,BHINGA,SHAHJAHANPUR,30.23,21.49,28.59,6.07,52.99,15.41,1,1,Rohilkhand,32,11,6,6,28,17
2002,136,BAHRAICH,SHAHJAHANPUR,29.19,39.19,20.57,4.55,53.53,16.03,0,1,Rohilkhand,32,11,6,6,28,17
2002,137,IKAUNA,LAKHIMPUR KHERI,38.91,32.43,16.95,3.75,48.7,15.48,1,0,Doab/Awadh,14,14,10,11,24,27
2002,138,GAINSARI,LAKHIMPUR KHERI,26.91,35.4,17.8,13.24,60.59,11.97,0,1,Doab/Awadh,14,14,10,11,24,27
2002,139,TULSIPUR,LAKHIMPUR KHERI,5.33,34.83,16.48,2.3,59.42,16.6,0,1,Doab/Awadh,14,14,10,11,24,27
2002,140,BALRAMPUR,LAKHIMPUR KHERI,25.47,27.29,16.68,21.6,50.91,14.21,0,0,Doab/Awadh,14,14,10,11,24,27
2002,141,UTRAULA,LAKHIMPUR KHERI,31.21,32.11,23.05,8.29,49.38,14.76,0,1,Doab/Awadh,14,14,10,11,24,27
2002,142,SADULLANAGAR,LAKHIMPUR KHERI,33.91,28.04,7.09,22.85,61.32,15.76,1,1,Doab/Awadh,14,14,10,11,24,27
2002,143,MANKAPUR,LAKHIMPUR KHERI,24.1,42.03,17.32,5.67,53.84,17.93,0,0,Doab/Awadh,14,14,10,11,24,27
2002,144,MUJEHNA,KHERI,44.39,27.72,20.95,2.05,58.47,18.9,1,1,Doab/Awadh,14,14,10,11,24,27
2002,145,GONDA,SITAPUR,29.68,40.36,22.91,2.15,48.67,20.76,0,1,Doab/Awadh,14,14,10,11,24,27
2002,146,KATRA BAZAR,SITAPUR,36.29,38.23,14.37,3.84,54.94,21.92,0,1,Doab/Awadh,14,14,10,11,24,27
2002,147,COLONELGANJ,SITAPUR,33.1,11.3,36.37,12.01,53.23,21.09,0,1,Doab/Awadh,14,14,10,11,24,27
2002,148,DIXIR,SITAPUR,33.69,39.62,14.16,5.41,50.68,19.54,0,1,Doab/Awadh,14,14,10,11,24,27
2002,149,HARRAIYA,SITAPUR,17.95,24.14,25.18,8.37,55.36,9.58,0,1,Doab/Awadh,14,14,10,11,24,27
2002,150,CAPTAINGANJ,SITAPUR,26.9,24.22,16.98,21.93,61.57,14.42,1,1,Doab/Awadh,14,14,10,11,24,27
2002,151,NAGAR EAST,SITAPUR,25.4,30.87,26.13,7.43,56.51,17.97,0,0,Doab/Awadh,14,14,10,11,24,27
2002,152,BASTI,SITAPUR,24.07,18.24,18.25,31.1,52.96,15.42,0,1,Doab/Awadh,14,14,10,11,24,27
2002,153,RAMNAGAR,SITAPUR,7.17,37.97,26.91,4.05,58.27,12.98,0,0,Doab/Awadh,14,14,10,11,24,27
2002,154,DOMARIAGANJ,HARDOI,26.77,32.32,20.49,10.99,56.36,9.5,0,1,Doab/Awadh,14,14,10,11,24,27
2002,155,ITWA,HARDOI,18.19,35.36,13.63,27.85,57.87,11.47,0,1,Doab/Awadh,14,14,10,11,24,27
2002,156,SHOHRATGARH,HARDOI,19.51,22.44,17.74,26.6,58.57,11.54,0,0,Doab/Awadh,14,14,10,11,24,27
2002,157,NAUGARH,HARDOI,17.59,25.39,17.92,16.55,56.82,9.85,0,1,Doab/Awadh,14,14,10,11,24,27
2002,158,BANSI,HARDOI,34.36,32.44,15.05,6.51,56.68,17.39,1,1,Doab/Awadh,14,14,10,11,24,27
2002,159,KHESRAHA,HARDOI,21.91,31.24,19.22,13.72,56.03,10.01,0,1,Doab/Awadh,14,14,10,11,24,27
2002,160,MENHDAWAL,HARDOI,18.74,31.1,22.54,7.34,53.38,11.19,0,0,Doab/Awadh,14,14,10,11,24,27
2002,161,KHALILABAD,HARDOI,31.66,28.25,23.56,6.61,49.81,16.96,1,0,Doab/Awadh,14,14,10,11,24,27
2002,162,HAINSARBAZAR,UNNAO,0,28.31,21.99,6.59,53.12,15.4,0,0,Doab/Awadh,14,14,10,11,24,27
2002,163,BANSGAON,UNNAO,29.77,12.39,46.9,3.97,49.25,17.38,0,0,Doab/Awadh,14,14,10,11,24,27
2002,164,DHURIAPAR,UNNAO,9.24,15.92,27.42,0.95,52.89,8.77,0,1,Doab/Awadh,14,14,10,11,24,27
2002,165,CHILLUPAR,UNNAO,0,8.76,34.95,1.78,49.58,26.19,0,1,Doab/Awadh,14,14,10,11,24,27
2002,166,KAURIRAM,UNNAO,21.66,29.37,29.79,6.94,46.87,14.72,0,1,Doab/Awadh,14,14,10,11,24,27
2002,167,MUNDERA BAZAR,UNNAO,14.68,26.7,23.91,7.3,49.26,9.23,0,1,Doab/Awadh,14,14,10,11,24,27
2002,168,PIPRAICH,LUCKNOW,0,12.91,13.03,1.33,56.44,16.73,0,1,Doab/Awadh,14,14,10,11,24,27
2002,169,GORAKHPUR,LUCKNOW,14.68,20.62,14.29,3.89,33.06,18.67,0,1,Doab/Awadh,14,14,10,11,24,27
2002,170,MANIRAM,LUCKNOW,32.91,46.16,9.64,1.89,44.78,23.27,0,0,Doab/Awadh,14,14,10,11,24,27
2002,171,SAHJANWA,LUCKNOW,22.61,28.65,39.05,2.9,55.18,18.02,0,0,Doab/Awadh,14,14,10,11,24,27
2002,172,PANIARA,LUCKNOW,29.05,20.71,11.19,2.65,59.62,9.51,1,1,Doab/Awadh,14,14,10,11,24,27
2002,173,PHARENDA,LUCKNOW,12.88,0,19.34,23.79,56.17,5.08,0,1,Doab/Awadh,14,14,10,11,24,27
2002,174,LAKSHMIPUR,LUCKNOW,4.38,38.38,42.4,4.67,61.58,32.98,0,1,Doab/Awadh,14,14,10,11,24,27
2002,175,SISWA,LUCKNOW,38.87,33.7,19.05,1.78,64.04,17.16,1,1,Doab/Awadh,14,14,10,11,24,27
2002,176,MAHARAJGANJ,LUCKNOW,29.68,20.75,18.83,23.81,61.95,17.21,1,1,Doab/Awadh,14,14,10,11,24,27
2002,177,SHYAM DUERWA,RAE BARELI,29.7,24.31,28.49,0.95,60.23,20.06,1,1,Doab/Awadh,14,14,10,11,24,27
2002,178,NAURANGIA,CHHATRAPATHI SHAHUJI MAHARAJ GAR,27.77,29.87,22.46,3.38,55.73,13.65,0,0,Doab/Awadh,14,14,10,11,24,27
2002,179,RAMKOLA,RAE BARELI,19.75,41.89,26.81,3.18,58.64,16.57,0,1,Doab/Awadh,14,14,10,11,24,27
2002,180,HATA,RAE BARELI,33.08,18.61,19.76,14.51,53.5,13.32,1,1,Doab/Awadh,14,14,10,11,24,27
2002,181,PADRAUNA,CHHATRAPATHI SHAHUJI MAHARAJ GAR,22.5,22.68,14.9,32.65,58.82,12.06,0,1,Doab/Awadh,14,14,10,11,24,27
2002,182,SEORAHI,RAE BARELI,24.8,25.12,22.78,2.68,59.13,11.51,0,1,Doab/Awadh,14,14,10,11,24,27
2002,183,FAZILNAGAR,RAE BARELI,29.22,27.98,21.36,2.26,59.11,10.42,1,1,Doab/Awadh,14,14,10,11,24,27
2002,184,KASIA,CHHATRAPATHI SHAHUJI MAHARAJ GAR,34.46,49.82,5.54,2.93,61.27,28.93,0,1,Doab/Awadh,14,14,10,11,24,27
2002,185,GAURI BAZAR,CHHATRAPATHI SHAHUJI MAHARAJ GAR,18.81,33.61,29.57,2.95,59.81,13.85,0,1,Doab/Awadh,14,14,10,11,24,27
2002,186,RUDRAPUR,CHHATRAPATHI SHAHUJI MAHARAJ GAR,21.65,32.45,14.4,7.43,51.45,10.8,0,1,Doab/Awadh,14,14,10,11,24,27
2002,187,DEORIA,BADAUN,0,23.83,18.42,4.63,49.7,8.25,0,1,Rohilkhand,32,11,6,6,28,17
2002,188,BHATPAR RANI,SULTANPUR,0,16.54,10.34,28.23,51.7,11.68,0,0,Doab/Awadh,14,14,10,11,24,27
2002,189,SALEMPUR,SULTANPUR,0,29.33,32.49,4.96,48.46,16.98,0,0,Doab/Awadh,14,14,10,11,24,27
2002,190,BARHAJ,SULTANPUR,21.4,21.29,22.17,3.23,51.04,18.06,0,1,Doab/Awadh,14,14,10,11,24,27
2002,191,NATTHUPUR,SULTANPUR,17.06,22.29,24.53,1.91,52.44,11.1,0,0,Doab/Awadh,14,14,10,11,24,27
2002,192,GHOSI,FARRUKHABAD,33.17,27.61,23.7,1.38,58.05,16.47,1,1,Doab/Awadh,14,14,10,11,24,27
2002,193,SAGRI,FARRUKHABAD,0,34.37,34.83,9.68,55.47,22.31,0,0,Doab/Awadh,14,14,10,11,24,27
2002,194,GOPALPUR,FARRUKHABAD,0,32.03,27.19,4.94,49.52,15.02,0,0,Doab/Awadh,14,14,10,11,24,27
2002,195,AZAMGARH,FARRUKHABAD,15.52,43.55,29.32,7.67,49.4,14.23,0,1,Doab/Awadh,14,14,10,11,24,27
2002,196,NIZAMABAD,KANNAUJ,12.72,30.43,26.78,8.89,51.76,11.53,0,1,Doab/Awadh,14,14,10,11,24,27
2002,197,ATRAULIA,KANNAUJ,19.46,36.79,21.08,15.07,57.7,15.71,0,0,Doab/Awadh,14,14,10,11,24,27
2002,198,PHULPUR,KANNAUJ,0,5.03,30.82,33.71,58.71,18.37,0,1,Doab/Awadh,14,14,10,11,24,27
2002,199,SARAIMIR,ETAWAH,0,28.25,33.95,4.39,51.81,20.83,0,0,Doab/Awadh,14,14,10,11,24,27
2002,200,MEHNAGAR,ETAWAH,26.97,0,27.21,5.51,51.22,18.31,0,1,Doab/Awadh,14,14,10,11,24,27
2002,201,LALGANJ,ETAWAH,33.55,22.52,34.68,3.63,56.3,18.89,0,0,Doab/Awadh,14,14,10,11,24,27
2002,202,MUBARAKPUR,AURAIYA,0,24.3,33.59,0.99,58.98,16.09,0,0,Doab/Awadh,14,14,10,11,24,27
2002,203,MOHAMMADABAD GOHNA,AURAIYA,19.56,37.19,36.54,3.7,54.78,16.97,0,0,Doab/Awadh,14,14,10,11,24,27
2002,204,MAU,AURAIYA,0,0,16.97,0.87,58.03,21.53,0,0,Doab/Awadh,14,14,10,11,24,27
2002,205,RASRA,RAMABAI NAGAR,12.81,31.96,40.3,2.06,51.61,19.15,0,0,Doab/Awadh,14,14,10,11,24,27
2002,206,SIAR,RAMABAI NAGAR,27.43,35.74,20.63,2,51.74,16.33,0,0,Doab/Awadh,14,14,10,11,24,27
2002,207,CHILKAHAR,RAMABAI NAGAR,31.25,22.44,19.83,4.4,56.28,10.54,1,0,Doab/Awadh,14,14,10,11,24,27
2002,208,SIKANDARPUR,RAMABAI NAGAR,0,28.18,17.5,3.36,50.68,12.07,0,1,Doab/Awadh,14,14,10,11,24,27
2002,209,BANSDIH,KANPUR GRAMEEN,0,0,7.09,3.06,49.98,18.13,0,1,Doab/Awadh,14,14,10,11,24,27
2002,210,DOABA,KANPUR GRAMEEN,34.02,29.72,14.25,14.77,40.95,14.95,1,0,Doab/Awadh,14,14,10,11,24,27
2002,211,BALLIA,KANPUR GRAMEEN,21.32,32.61,22.14,1.73,43.15,14.51,0,0,Doab/Awadh,14,14,10,11,24,27
2002,212,KOPACHIT,KANPUR GRAMEEN,6.11,31.19,24.76,11.47,52.09,7.71,0,1,Doab/Awadh,14,14,10,11,24,27
2002,213,ZAHOORABAD,KANPUR NAGAR,8.01,33.04,37.13,17.48,58.3,15.56,0,0,Doab/Awadh,14,14,10,11,24,27
2002,214,MOHAMMADABAD,KANPUR NAGAR,39.55,34.52,12.21,2.13,59.16,22.31,1,0,Doab/Awadh,14,14,10,11,24,27
2002,215,DILDARNAGAR,KANPUR NAGAR,15.01,37.98,25.91,1.05,53.62,12.07,0,0,Doab/Awadh,14,14,10,11,24,27
2002,216,ZAMANIA,KANPUR NAGAR,28.26,33.83,20.38,2.82,57.7,15.57,0,1,Doab/Awadh,14,14,10,11,24,27
2002,217,GHAZIPUR,KANPUR NAGAR,22.25,0,29.78,11.81,55.75,10.44,0,0,Doab/Awadh,14,14,10,11,24,27
2002,218,JAKHANIA,KANPUR NAGAR,20.63,36.47,31.68,3.77,55.15,16.86,0,0,Doab/Awadh,14,14,10,11,24,27
2002,219,SADAT,JALAUN,0,44.92,39.35,3.86,52.46,35.49,0,0,Bundelkhand,7,16,9,12,31,25
2002,220,SAIDPUR,JALAUN,23.42,26.46,37.37,6.15,59.32,17.27,0,0,Bundelkhand,7,16,9,12,31,25
2002,221,DHANAPUR,JALAUN,0,35.26,35.24,1.6,53.23,23.55,0,1,Bundelkhand,7,16,9,12,31,25
2002,222,CHANDAULI,JHANSI,25.51,27.57,31.32,5.4,52.44,20.11,0,0,Bundelkhand,7,16,9,12,31,25
2002,223,CHAKIA,JHANSI,30.97,29.14,25.58,2.67,61.75,21.62,1,0,Bundelkhand,7,16,9,12,31,25
2002,224,MUGHALSARAI,JHANSI,25.81,34.06,23.52,2.75,51.45,16.72,0,0,Bundelkhand,7,16,9,12,31,25
2002,225,VARANASI CANTONMENT,JHANSI,31.05,21.54,11.69,13.52,39.26,9.52,1,0,Bundelkhand,7,16,9,12,31,25
2002,226,VARANASI SOUTH,LALITPUR,52.63,27.44,2.52,14.18,30.31,25.2,1,1,Bundelkhand,7,16,9,12,31,25
2002,227,VARANASI NORTH,LALITPUR,34.47,52.54,3.91,6.22,37.14,28.25,0,1,Bundelkhand,7,16,9,12,31,25
2002,228,CHIRAIGAON,HAMIRPUR,16.66,23.8,16.94,5.39,51.13,6.48,0,0,Bundelkhand,7,16,9,12,31,25
2002,229,KOLASLA,HAMIRPUR,37.54,0,27.38,1.13,54.62,24.53,1,0,Bundelkhand,7,16,9,12,31,25
2002,230,GANGAPUR,MAHOBA,17.81,13.96,16.41,10.02,60.69,10.66,0,0,Bundelkhand,7,16,9,12,31,25
2002,231,AURAI,MAHOBA,26.5,21.88,30.21,5.91,57.96,14.88,0,1,Bundelkhand,7,16,9,12,31,25
2002,232,GYANPUR,BANDA,27.45,32.51,25.39,6.77,53.74,18.62,0,0,Bundelkhand,7,16,9,12,31,25
2002,233,BHADOHI,BANDA,22.99,35.84,23.66,7.33,50.16,15.67,0,0,Bundelkhand,7,16,9,12,31,25
2002,234,BARSATHI,BANDA,19.81,30.72,22.92,2.13,51.79,11.91,0,0,Bundelkhand,7,16,9,12,31,25
2002,235,MARIAHU,BANDA,0,32.68,19.08,1.9,53.93,11.49,0,1,Bundelkhand,7,16,9,12,31,25
2002,236,KERAKAT,CHITRAKOOT,32.9,25.97,32.14,3.83,49.47,22.15,1,0,Bundelkhand,7,16,9,12,31,25
2002,237,BEYALSI,CHITRAKOOT,29.12,24.36,38.39,4.24,51.48,20.12,0,0,Bundelkhand,7,16,9,12,31,25
2002,238,JAUNPUR,FATEHPUR,34.56,32.39,21.9,2.66,50.9,19,1,0,Doab/Awadh,14,14,10,11,24,27
2002,239,RARI,FATEHPUR,0,23.69,23.62,7.77,53.87,15.84,0,1,Doab/Awadh,14,14,10,11,24,27
2002,240,SHAHGANJ,FATEHPUR,25.25,29.49,25.42,4.44,54.06,13.61,0,1,Doab/Awadh,14,14,10,11,24,27
2002,241,KHUTAHAN,FATEHPUR,0,20.92,28.3,3.02,54.49,14.09,0,1,Doab/Awadh,14,14,10,11,24,27
2002,242,GARWARA,FATEHPUR,27.29,39.93,19.33,2.7,56.17,12.64,0,1,Doab/Awadh,14,14,10,11,24,27
2002,243,MACHHLISHAHR,FATEHPUR,16.06,34,34.87,2.83,54.03,17.94,0,1,Doab/Awadh,14,14,10,11,24,27
2002,244,DUDHI,PRATAPGARH,23.53,36.2,10.75,17.95,51.41,12.67,0,1,Purvanchal,12,15,8,16,26,23
2002,245,ROBERTSGANJ,PRATAPGARH,17.76,20.5,20.37,11.29,53.16,4.93,0,0,Purvanchal,12,15,8,16,26,23
2002,246,RAJGARH,PRATAPGARH,0,0,30.54,19.09,62.05,11.44,0,0,Purvanchal,12,15,8,16,26,23
2002,247,CHUNAR,PRATAPGARH,34.45,18.5,19.15,6.83,57.63,15.3,1,1,Purvanchal,12,15,8,16,26,23
2002,248,MAJHWA,PRATAPGARH,11.16,15.27,31.05,20.08,59.47,10.96,0,0,Purvanchal,12,15,8,16,26,23
2002,249,MIRZAPUR,PRATAPGARH,27.49,34.21,19.65,6.75,48.2,12.9,0,1,Purvanchal,12,15,8,16,26,23
2002,250,CHHANVEY,PRATAPGARH,18.04,19.11,30.53,9.86,54.51,11.42,0,0,Purvanchal,12,15,8,16,26,23
2002,251,MEJA,KAUSHAMBI,23.17,0,16.51,4.52,56.17,11.98,0,1,Purvanchal,12,15,8,16,26,23
2002,252,KARCHANA,KAUSHAMBI,20.42,38.86,29.31,1.38,56.76,17.61,0,1,Purvanchal,12,15,8,16,26,23
2002,253,BARA,KAUSHAMBI,22.47,22.1,22.43,6.5,58.18,11.1,1,0,Purvanchal,12,15,8,16,26,23
2002,254,JHUSI,ALLAHABAD,17.31,35.4,21.58,3,57.43,13.82,0,0,Purvanchal,12,15,8,16,26,23
2002,255,HANDIA,ALLAHABAD,28.76,45.92,15.46,1.16,59.34,17.17,0,1,Purvanchal,12,15,8,16,26,23
2002,256,PRATAPPUR,ALLAHABAD,11.23,21.63,19.45,22.93,58.85,9.75,0,0,Purvanchal,12,15,8,16,26,23
2002,257,SORAON,ALLAHABAD,17.75,26.7,27.26,3.02,56.52,14.73,0,1,Purvanchal,12,15,8,16,26,23
2002,258,NAWABGANJ,ALLAHABAD,17.63,21.26,23.22,2.16,53.24,15.21,0,1,Purvanchal,12,15,8,16,26,23
2002,259,ALLAHABAD NORTH,ALLAHABAD,30.31,16.11,8.56,14.82,25.48,9.98,1,1,Purvanchal,12,15,8,16,26,23
2002,260,ALLAHABAD SOUTH,ALLAHABAD,39.82,37.63,8.92,5.44,33.89,28.71,1,0,Purvanchal,12,15,8,16,26,23
2002,261,ALLAHABAD WEST,ALLAHABAD,13.93,25.31,18.39,2.46,30.24,11.47,0,1,Purvanchal,12,15,8,16,26,23
2002,262,CHAIL,ALLAHABAD,8.87,18.45,30,14.32,44.91,11.55,0,1,Purvanchal,12,15,8,16,26,23
2002,263,MANJHANPUR,ALLAHABAD,0,34.1,37.28,5.64,51.59,26.58,0,1,Purvanchal,12,15,8,16,26,23
2002,264,SIRATHU,ALLAHABAD,14.75,24.56,27.72,6.63,50.35,9.01,0,1,Purvanchal,12,15,8,16,26,23
2002,265,KHAGA,ALLAHABAD,21.2,17.99,23.36,0.99,58.61,8.69,0,1,Purvanchal,12,15,8,16,26,23
2002,266,KISHUNPUR,BARABANKI,25.12,0,24.4,6.38,45.74,13.39,1,1,Doab/Awadh,14,14,10,11,24,27
2002,267,HASWA,BARABANKI,27.72,22.7,30.2,3.33,55.26,17.05,0,1,Doab/Awadh,14,14,10,11,24,27
2002,268,FATEHPUR,BARABANKI,30.25,20.53,37.16,1.56,53.06,17.54,0,1,Doab/Awadh,14,14,10,11,24,27
2002,269,JAHANABAD,BARABANKI,15.86,23.31,22.82,3.23,57.53,7.34,0,0,Doab/Awadh,14,14,10,11,24,27
2002,270,BINDKI,BARABANKI,24.48,14.93,21.92,1.94,59.08,11.89,1,1,Doab/Awadh,14,14,10,11,24,27
2002,271,ARYANAGAR,FAIZABAD,22.28,54.09,5.23,15.04,43.25,31.81,0,0,Doab/Awadh,14,14,10,11,24,27
2002,272,SISAMAU,BARABANKI,30.77,21.7,7.06,37.91,36.75,14.64,0,0,Doab/Awadh,14,14,10,11,24,27
2002,273,GENERALGANJ,FAIZABAD,36.14,24.4,2.61,34.85,39.11,21.79,1,0,Doab/Awadh,14,14,10,11,24,27
2002,274,KANPUR CANTONMENT,FAIZABAD,45.88,12.51,3.58,35.81,37,23.29,1,1,Doab/Awadh,14,14,10,11,24,27
2002,275,GOVINDNAGAR,FAIZABAD,30.75,6.1,3.99,56.09,35.88,25.35,0,1,Doab/Awadh,14,14,10,11,24,27
2002,276,KALYANPUR,FAIZABAD,39.54,11.12,11.84,33.15,33.88,21.32,1,1,Doab/Awadh,14,14,10,11,24,27
2002,277,SARSAUL,AMBEDKAR NAGAR,0,34.79,29.72,7.65,55.24,11.68,0,0,Doab/Awadh,14,14,10,11,24,27
2002,278,GHATAMPUR,AMBEDKAR NAGAR,0,33.76,28.2,20.07,56.21,12.03,0,1,Doab/Awadh,14,14,10,11,24,27
2002,279,BHOGNIPUR,AMBEDKAR NAGAR,17.89,37.66,29.33,2.02,53,11.44,0,0,Doab/Awadh,14,14,10,11,24,27
2002,280,RAJPUR,AMBEDKAR NAGAR,0,13.65,20.17,5.05,54.66,8.23,0,1,Doab/Awadh,14,14,10,11,24,27
2002,281,SARVANKHERA,AMBEDKAR NAGAR,29.63,31.54,32.03,2.82,54.57,26.81,0,0,Doab/Awadh,14,14,10,11,24,27
2002,282,CHAUBEPUR,BAHRAICH,22.14,18.51,22.72,6.14,53.1,6.11,0,1,Doab/Awadh,14,14,10,11,24,27
2002,283,BILHAUR,BAHRAICH,17.63,36.93,31.69,1.69,54.49,14.07,0,1,Doab/Awadh,14,14,10,11,24,27
2002,284,DERAPUR,BAHRAICH,31.35,42.42,17.07,1,56.78,14.28,0,1,Doab/Awadh,14,14,10,11,24,27
2002,285,AURAIYA,BAHRAICH,24.1,28.13,28.88,2.56,54.9,12.31,0,1,Doab/Awadh,14,14,10,11,24,27
2002,286,AJITMAL,BAHRAICH,28.66,20.8,31.39,1.13,53.75,9.65,0,0,Doab/Awadh,14,14,10,11,24,27
2002,287,LAKHANA,BAHRAICH,32.89,34.75,23.79,1.44,52.5,19.7,0,1,Doab/Awadh,14,14,10,11,24,27
2002,288,ETAWAH,BAHRAICH,26.99,30.31,18.53,1.85,46.62,8.59,0,1,Doab/Awadh,14,14,10,11,24,27
2002,289,JASWANTNAGAR,SHRAVASTI,10.79,61.41,21.01,0.96,60.28,40.4,0,1,Doab/Awadh,14,14,10,11,24,27
2002,290,BHARTHANA,SHRAVASTI,18.37,24.19,12.55,38.52,60.99,14.33,0,0,Doab/Awadh,14,14,10,11,24,27
2002,291,BIDHUNA,BALRAMPUR,21.63,21.67,27.3,1.94,61.89,13.87,0,0,Doab/Awadh,14,14,10,11,24,27
2002,292,KANNAUJ,BALRAMPUR,27.51,28.86,26.65,1.61,55.78,17.15,0,1,Doab/Awadh,14,14,10,11,24,27
2002,293,UMARDHA,BALRAMPUR,20.06,29.43,24.49,2.47,58.3,15.04,0,0,Doab/Awadh,14,14,10,11,24,27
2002,294,CHHIBRAMAU,BALRAMPUR,32.47,26.05,19.48,4.3,59.99,8.46,1,1,Doab/Awadh,14,14,10,11,24,27
2002,295,KAMALGANJ,GONDA,27.88,29.28,22.83,1.99,62.83,11.55,0,1,Doab/Awadh,14,14,10,11,24,27
2002,296,FARRUKHABAD,GONDA,35.51,5.7,8.32,3.79,46.87,27.19,0,1,Doab/Awadh,14,14,10,11,24,27
2002,297,KAIMGANJ,GONDA,20.3,19.85,14.82,23.12,60.94,12.61,0,1,Doab/Awadh,14,14,10,11,24,27
2002,298,MOHAMMDABAD,GONDA,23.86,36.37,17.79,5.54,55.33,12.51,0,1,Doab/Awadh,14,14,10,11,24,27
2002,299,MANIKPUR,GONDA,25.41,15.18,47.67,3.27,48.39,22.26,0,1,Doab/Awadh,14,14,10,11,24,27
2002,300,KARWI,GONDA,27.68,19.49,40.62,2.97,53.7,15.7,0,0,Doab/Awadh,14,14,10,11,24,27
2002,301,BABERU,GONDA,25.22,26.08,33.68,1.37,55.03,21.52,0,0,Doab/Awadh,14,14,10,11,24,27
2002,302,TINDWARI,SIDDHARTH NAGAR,32.85,35.3,19.22,3.1,53.86,16.11,0,0,Purvanchal,12,15,8,16,26,23
2002,303,BANDA,SIDDHARTH NAGAR,20.12,29.51,31.24,7.19,43.75,12.93,0,1,Purvanchal,12,15,8,16,26,23
2002,304,NARAINI,SIDDHARTH NAGAR,20.57,25.29,30.3,6.29,53.87,12.31,0,0,Purvanchal,12,15,8,16,26,23
2002,305,HAMIRPUR,SIDDHARTH NAGAR,28.75,17.66,36.64,4.44,50.93,13.22,0,0,Purvanchal,12,15,8,16,26,23
2002,306,MAUDAHA,SIDDHARTH NAGAR,36.4,31.59,23.09,2.38,55.41,20.71,1,1,Purvanchal,12,15,8,16,26,23
2002,307,RATH,BASTI,11.5,19.28,33.22,2.76,52.51,9.87,0,0,Purvanchal,12,15,8,16,26,23
2002,308,CHARKHARI,BASTI,19.93,23.33,19.81,11.21,51.26,7.42,0,0,Purvanchal,12,15,8,16,26,23
2002,309,MAHOBA,BASTI,16.51,26.57,24.65,14.49,55.66,8.14,0,0,Purvanchal,12,15,8,16,26,23
2002,310,MEHRONI,BASTI,31.65,24.36,19.49,9.08,67.14,10.41,1,1,Purvanchal,12,15,8,16,26,23
2002,311,LALITPUR,BASTI,11.54,21.73,20.26,28.26,65.11,8.73,0,0,Purvanchal,12,15,8,16,26,23
2002,312,JHANSI,SANT KABIR NAGAR,30.92,9.38,44.41,8,44.14,21.54,0,1,Purvanchal,12,15,8,16,26,23
2002,313,BABINA,SANT KABIR NAGAR,19.37,24.06,23.21,8.09,57.52,8.22,0,1,Purvanchal,12,15,8,16,26,23
2002,314,MAURANIPUR,SANT KABIR NAGAR,24.47,20.01,20.11,22.9,57.06,13.6,1,1,Purvanchal,12,15,8,16,26,23
2002,315,GAROUTHA,MAHARAJGANJ,2.57,29.53,38.09,21.06,63.15,18.48,0,1,Purvanchal,12,15,8,16,26,23
2002,316,KONCH,MAHARAJGANJ,35.69,25.44,17.8,4.58,56.3,10.25,1,0,Purvanchal,12,15,8,16,26,23
2002,317,ORAI,MAHARAJGANJ,31.49,10.96,22.39,30.26,52.5,11.43,1,0,Purvanchal,12,15,8,16,26,23
2002,318,KALPI,MAHARAJGANJ,32.45,30.36,21.92,4.65,57.15,17.27,1,0,Purvanchal,12,15,8,16,26,23
2002,319,MADHOGARH,MAHARAJGANJ,27.44,22.07,29.33,15.18,57.17,12.44,0,1,Purvanchal,12,15,8,16,26,23
2002,320,BHONGAON,GORAKHPUR,5.45,38.39,27.9,2.01,59.91,16.08,0,0,Purvanchal,12,15,8,16,26,23
2002,321,KISHNI,GORAKHPUR,31.35,43.2,18.29,1.37,56.2,15.76,0,0,Purvanchal,12,15,8,16,26,23
2002,322,KARHAL,GORAKHPUR,40.64,39.89,11.87,1.11,54.3,28.02,1,0,Purvanchal,12,15,8,16,26,23
2002,323,SHIKOHABAD,GORAKHPUR,0,34.71,19.78,0.74,53.41,14.92,0,1,Purvanchal,12,15,8,16,26,23
2002,324,JASRANA,GORAKHPUR,8.68,39.06,22.27,2.95,59,15.86,0,1,Purvanchal,12,15,8,16,26,23
2002,325,GHIROR,GORAKHPUR,0,33.71,34.11,0.92,55.39,19.01,0,0,Purvanchal,12,15,8,16,26,23
2002,326,MAINPURI,GORAKHPUR,28.38,26.94,17.88,1.47,51.35,12.79,1,1,Purvanchal,12,15,8,16,26,23
2002,327,ALIGANJ,GORAKHPUR,19.97,30.48,25.68,0.93,63.66,19.04,0,0,Purvanchal,12,15,8,16,26,23
2002,328,PATIALI,GORAKHPUR,16.91,25.39,27.26,1.08,54.46,12.14,0,1,Purvanchal,12,15,8,16,26,23
2002,329,SAKIT,KUSHINAGAR,13.71,36.92,16.97,2.44,54.9,15.78,0,0,Purvanchal,12,15,8,16,26,23
2002,330,SORON,KUSHINAGAR,14.09,14.83,19.55,2.24,56.96,11.54,0,1,Purvanchal,12,15,8,16,26,23
2002,331,KASGANJ,KUSHINAGAR,21.86,27.5,18.59,2.8,52.92,14.03,0,0,Purvanchal,12,15,8,16,26,23
2002,332,ETAH,KUSHINAGAR,14.64,30.73,21.07,8.47,51.53,9.66,0,1,Purvanchal,12,15,8,16,26,23
2002,333,NIDHAULI KALAN,KUSHINAGAR,11.94,49.05,13.03,1.31,59.12,26.89,0,0,Purvanchal,12,15,8,16,26,23
2002,334,JALESAR,KUSHINAGAR,26.87,32.96,19.01,0.89,58.15,9.53,0,0,Purvanchal,12,15,8,16,26,23
2002,335,FIROZABAD,KUSHINAGAR,0,32.1,24.43,1.6,46.08,7.67,0,1,Purvanchal,12,15,8,16,26,23
2002,336,BAH,DEORIA,42.87,22.25,21.7,0.77,53.11,20.62,1,1,Purvanchal,12,15,8,16,26,23
2002,337,FATEHABAD,DEORIA,40.26,20.37,36.48,0.69,61.85,19.54,1,0,Purvanchal,12,15,8,16,26,23
2002,338,TUNDLA,DEORIA,31.19,34.89,20.7,2,48.01,16.09,0,0,Purvanchal,12,15,8,16,26,23
2002,339,ETMADPUR,DEORIA,0,27.86,25.49,4.91,47.64,20.59,0,1,Purvanchal,12,15,8,16,26,23
2002,340,DAYALBAGH,DEORIA,0,20.78,28.87,1.94,52.67,9.67,0,1,Purvanchal,12,15,8,16,26,23
2002,341,AGRA CANTONMENT,DEORIA,33.86,18.92,35.54,7.05,33.69,14.94,0,1,Purvanchal,12,15,8,16,26,23
2002,342,AGRA EAST,DEORIA,38.44,17.31,16.25,22.38,38.19,16.06,1,1,Purvanchal,12,15,8,16,26,23
2002,343,AGRA WEST,AZAMGARH,40.65,10.04,30.8,14.71,31.19,16.09,1,1,Purvanchal,12,15,8,16,26,23
2002,344,KHERAGARH,AZAMGARH,28.32,19.31,22.51,8.47,56.68,7.06,1,1,Purvanchal,12,15,8,16,26,23
2002,345,FATEHPUR SIKRI,AZAMGARH,0,4.78,24.37,0.97,58.89,15.03,0,0,Purvanchal,12,15,8,16,26,23
2002,346,GOVERDHAN,AZAMGARH,29.79,5.81,24.28,6.53,49.02,16.07,1,0,Purvanchal,12,15,8,16,26,23
2002,347,MATHURA,AZAMGARH,34.82,3.29,13.22,41.56,35.66,21.6,0,0,Purvanchal,12,15,8,16,26,23
2002,348,CHHATA,AZAMGARH,0,0,17.63,9.02,59.35,9.42,0,0,Purvanchal,12,15,8,16,26,23
2002,349,MAT,AZAMGARH,0,0.68,42.45,0.83,60.76,40.48,0,1,Purvanchal,12,15,8,16,26,23
2002,350,GOKUL,AZAMGARH,0,4.87,33.14,1.58,57.21,22.29,0,1,Purvanchal,12,15,8,16,26,23
2002,351,SADABAD,AZAMGARH,0,35.47,18.62,6.03,52.91,16.85,0,1,Purvanchal,12,15,8,16,26,23
2002,352,HATHRAS,AZAMGARH,0,7.28,53.75,1.67,51.37,26.14,0,1,Purvanchal,12,15,8,16,26,23
2002,353,SASNI,MAU,32.47,15.38,25.08,14.95,49.79,9.7,1,0,Purvanchal,12,15,8,16,26,23
2002,354,SIKANDARA RAO,MAU,24.22,6.61,21.72,0.37,58.85,8.88,0,1,Purvanchal,12,15,8,16,26,23
2002,355,GANGIRI,MAU,17.9,30.87,20.18,5.04,57.3,12.86,0,0,Purvanchal,12,15,8,16,26,23
2002,356,ATRAULI,MAU,19.96,5,15.07,11.7,59.45,26.29,0,1,Purvanchal,12,15,8,16,26,23
2002,357,ALIGARH,BALLIA,20.46,6.25,7.79,41.87,36.41,21.41,0,1,Purvanchal,12,15,8,16,26,23
2002,358,KOIL,BALLIA,29.24,6.06,35.4,5.94,44.12,18.41,0,0,Purvanchal,12,15,8,16,26,23
2002,359,IGLAS,BALLIA,28.61,0.71,30.45,38.05,59.56,27.9,0,0,Purvanchal,12,15,8,16,26,23
2002,360,BARAULI,BALLIA,0,1.19,41.36,13.96,56.48,19.09,0,0,Purvanchal,12,15,8,16,26,23
2002,361,KHAIR,BALLIA,0,14.16,36.45,4.53,55.68,22,0,0,Purvanchal,12,15,8,16,26,23
2002,362,JEWAR,BALLIA,25.48,9.73,26.11,25.84,52.2,15.57,0,1,Purvanchal,12,15,8,16,26,23
2002,363,KHURJA,BALLIA,19.7,15.07,26.18,16.77,49.63,13.03,0,0,Purvanchal,12,15,8,16,26,23
2002,364,DEBAI,JAUNPUR,17.6,12.77,19.98,3.33,54.53,36.94,0,0,Purvanchal,12,15,8,16,26,23
2002,365,ANUPSHAHR,JAUNPUR,0,6.11,22.79,2.16,57.09,9.91,0,0,Purvanchal,12,15,8,16,26,23
2002,366,SIANA,JAUNPUR,0,15.13,23.75,2.19,58.41,12.14,0,0,Purvanchal,12,15,8,16,26,23
2002,367,AGOTA,JAUNPUR,27.25,38.72,17.08,1.14,55.89,11.47,0,1,Purvanchal,12,15,8,16,26,23
2002,368,BULANDSHAHR,JAUNPUR,28.42,23.77,24.74,5.02,47.4,10.03,1,0,Purvanchal,12,15,8,16,26,23
2002,369,SHIKARPUR,JAUNPUR,30.11,29.16,23.6,7.35,47.6,16.25,1,0,Purvanchal,12,15,8,16,26,23
2002,370,SIKANDRABAD,JAUNPUR,0,26.29,31.85,17.64,58.02,14.98,0,1,Purvanchal,12,15,8,16,26,23
2002,371,DADRI,JAUNPUR,26.28,4.75,11.66,20.38,43.84,8.71,1,1,Purvanchal,12,15,8,16,26,23
2002,372,GHAZIABAD,JAUNPUR,33.22,16.49,11.49,35.72,30.55,16.73,0,1,Purvanchal,12,15,8,16,26,23
2002,373,MURADNAGAR,GHAZIPUR,0,4.88,17.78,36.49,49.21,15.98,0,1,Purvanchal,12,15,8,16,26,23
2002,374,MODINAGAR,GHAZIPUR,27.73,23.87,22.83,9.63,47.82,11.5,1,1,Purvanchal,12,15,8,16,26,23
2002,375,HAPUR,GHAZIPUR,25,13.29,31.88,23.48,45.67,10.19,0,0,Purvanchal,12,15,8,16,26,23
2002,376,GARHMUKTESHWAR,GHAZIPUR,26.96,32.47,16.49,5.4,56.94,10.46,0,0,Purvanchal,12,15,8,16,26,23
2002,377,KITHORE,GHAZIPUR,0,36.92,25.21,9.74,54.75,14.02,0,0,Purvanchal,12,15,8,16,26,23
2002,378,HASTINAPUR,GHAZIPUR,23.88,26.54,21.1,3.55,50.88,17.54,0,0,Purvanchal,12,15,8,16,26,23
2002,379,SARDHANA,GHAZIPUR,36.47,16.59,29.68,12.22,55.39,13.09,1,1,Purvanchal,12,15,8,16,26,23
2002,380,MEERUT CANTONMENT,CHANDAULI,46.94,2.52,14.73,33.99,38.63,19.26,1,0,Purvanchal,12,15,8,16,26,23
2002,381,MEERUT,CHANDAULI,42.02,21.84,8.37,20.23,37.01,20.19,1,0,Purvanchal,12,15,8,16,26,23
2002,382,KHARKHAUDA,CHANDAULI,15.26,14.16,36.85,6.45,56,16.31,0,1,Purvanchal,12,15,8,16,26,23
2002,383,SIWALKHAS,CHANDAULI,0,19.89,35.36,5.36,43.8,15.47,0,1,Purvanchal,12,15,8,16,26,23
2002,384,KHEKRA,VARANASI,19.56,19.76,22.83,2.52,42.08,16.72,0,1,Purvanchal,12,15,8,16,26,23
2002,385,BAGHPAT,VARANASI,0,13.53,31.87,7.05,48.3,18.34,0,1,Purvanchal,12,15,8,16,26,23
2002,386,BARNAWA,VARANASI,0,2.72,25.56,0.6,54.71,22,0,0,Purvanchal,12,15,8,16,26,23
2002,387,CHAPRAULI,VARANASI,0,3.56,16.58,1.3,57.46,49.29,0,0,Purvanchal,12,15,8,16,26,23
2002,388,KANDHLA,VARANASI,0,31.69,6.06,2.29,57.87,26.45,0,0,Purvanchal,12,15,8,16,26,23
2002,389,KHATAULI,VARANASI,0,31.2,11.51,2.83,60.15,20.67,0,0,Purvanchal,12,15,8,16,26,23
2002,390,JANSATH,VARANASI,0,24.6,18.19,21.29,53.87,17,0,0,Purvanchal,12,15,8,16,26,23
2002,391,MORNA,VARANASI,24.47,29.33,35.2,7.54,62.33,16.93,0,1,Purvanchal,12,15,8,16,26,23
2002,392,MUZAFFARNAGAR,SANT RAVIDAS NAGAR,32.5,38.45,20.88,3.62,47.01,17.26,0,0,Purvanchal,12,15,8,16,26,23
2002,393,CHARTHAWAL,SANT RAVIDAS NAGAR,30.81,30.95,31.99,3.12,54.18,27.69,0,0,Purvanchal,12,15,8,16,26,23
2002,394,BAGHRA,SANT RAVIDAS NAGAR,0,25.87,10.32,1.55,59.58,15.04,0,0,Purvanchal,12,15,8,16,26,23
2002,395,KAIRANA,MIRZAPUR,51.48,44.06,0,1.25,60.68,42.76,1,1,Purvanchal,12,15,8,16,26,23
2002,396,THANA BHAWAN,MIRZAPUR,0,31.6,16.27,0.53,60.19,15.74,0,0,Purvanchal,12,15,8,16,26,23
2002,397,NAKUR,MIRZAPUR,0,4.61,21.87,30.33,64.83,11.73,0,0,Purvanchal,12,15,8,16,26,23
2002,398,SARSAWA,MIRZAPUR,27.1,25.86,33.03,4.68,68.14,20.32,0,0,Purvanchal,12,15,8,16,26,23
2002,399,NAGAL,MIRZAPUR,26.23,23.67,39.02,1.8,58.97,21.17,0,1,Purvanchal,12,15,8,16,26,23
2002,400,DEOBAND,SONBHADRA,29.24,20.84,35.27,1.56,55.89,16.92,0,0,Purvanchal,12,15,8,16,26,23
2002,401,HARORA,SONBHADRA,8.64,28.27,47.76,1.8,60.72,19.5,0,1,Purvanchal,12,15,8,16,26,23
2002,402,SAHARANPUR,SONBHADRA,0,2.38,8.37,9.17,38.3,21.09,0,1,Purvanchal,12,15,8,16,26,23
2002,403,MUZAFFARABAD,SONBHADRA,19.53,40.91,34.19,0,63.01,16.72,0,1,Purvanchal,12,15,8,16,26,23
2007,1,SEOHARA,SAHARANPUR,14.96,21.62,31.41,13.65,54.52,11.29,0,0,Western UP,26,12,6,4,30,22
2007,2,DHAMPUR,SAHARANPUR,16.19,28.06,40.8,2.5,59.2,12.74,0,0,Western UP,26,12,6,4,30,22
2007,3,AFZALGARH,SAHARANPUR,30.27,13.95,35.27,12.73,58.77,16.33,0,0,Western UP,26,12,6,4,30,22
2007,4,NAGINA,SAHARANPUR,16.94,25.95,32.86,1.38,55.13,9.01,0,1,Western UP,26,12,6,4,30,22
2007,5,NAZIBABAD,SAHARANPUR,14.39,0,38.97,3.18,49.6,18.34,0,0,Western UP,26,12,6,4,30,22
2007,6,BIJNOR,SAHARANPUR,36.83,13.17,37.17,2.3,57.58,23.66,0,1,Western UP,26,12,6,4,30,22
2007,7,CHANDPUR,SAHARANPUR,17.58,10.37,35.91,1.27,56.98,18.33,0,1,Western UP,26,12,6,4,30,22
2007,8,KANTH,PRABUDDHA NAGAR,12.82,8.32,28.33,1.14,54.47,12.04,0,1,Western UP,26,12,6,4,30,22
2007,9,AMROHA,PRABUDDHA NAGAR,30.79,31.29,12.36,4.46,50.9,17.97,0,1,Western UP,26,12,6,4,30,22
2007,10,HASANPUR,PRABUDDHA NAGAR,0,10.89,31.02,0.9,54.98,14.84,0,1,Western UP,26,12,6,4,30,22
2007,11,GANGESHWARI,MUZAFFARNAGAR,33.72,27.67,27.18,1.6,49.71,22.4,1,0,Western UP,26,12,6,4,30,22
2007,12,SAMBHAL,MUZAFFARNAGAR,24.99,33.45,23.24,2.5,53.26,14.45,0,1,Western UP,26,12,6,4,30,22
2007,13,BAHJOI,MUZAFFARNAGAR,31.18,28.67,31.89,0.76,53.89,26.16,0,1,Western UP,26,12,6,4,30,22
2007,14,CHANDAUSI,MUZAFFARNAGAR,27.45,29.66,36.19,0,45.58,25.53,0,1,Western UP,26,12,6,4,30,22
2007,15,KUNDERKI,MUZAFFARNAGAR,16.54,27.66,33.86,8.9,52.55,11.12,0,0,Western UP,26,12,6,4,30,22
2007,16,MORADABAD WEST,MUZAFFARNAGAR,27.12,18.67,23.3,3.08,43.03,6.59,1,0,Western UP,26,12,6,4,30,22
2007,17,MORADABAD,BIJNOR,24.96,60.71,2.06,4.87,38.7,35.75,0,1,Rohilkhand,32,11,6,6,28,17
2007,18,MORADABAD RURAL,BIJNOR,27.22,29.09,11.88,9.68,53.8,15.23,0,0,Rohilkhand,32,11,6,6,28,17
2007,19,THAKURDWARA,BIJNOR,31.62,2.96,37.02,23.18,62.28,20.22,0,0,Rohilkhand,32,11,6,6,28,17
2007,20,SUAR TANDA,BIJNOR,28.7,37.69,26.99,1.03,55.46,31.25,0,1,Rohilkhand,32,11,6,6,28,17
2007,21,RAMPUR,BIJNOR,15.96,55.54,4.71,20.63,37.88,34.91,0,1,Rohilkhand,32,11,6,6,28,17
2007,22,BILASPUR,BIJNOR,20.41,17.33,15.57,20.84,56.12,6.35,0,1,Rohilkhand,32,11,6,6,28,17
2007,23,SHAHABAD,BIJNOR,28.49,24.56,7.72,11.35,44.99,11.35,1,0,Rohilkhand,32,11,6,6,28,17
2007,24,BISAULI,BIJNOR,3.32,28.61,17.93,6.15,54.99,11.77,0,0,Rohilkhand,32,11,6,6,28,17
2007,25,GUNNAUR,MORADABAD,2.28,60.56,25.52,3.26,55.53,35.04,0,1,Rohilkhand,32,11,6,6,28,17
2007,26,SAHASWAN,MORADABAD,0,29.44,5.16,5.34,48.08,16.64,0,1,Rohilkhand,32,11,6,6,28,17
2007,27,BILSI,MORADABAD,15.25,35.82,41.14,2.65,48.78,20.57,0,1,Rohilkhand,32,11,6,6,28,17
2007,28,BUDAUN,MORADABAD,31.78,25.5,21.4,14.43,42.42,12.78,1,1,Rohilkhand,32,11,6,6,28,17
2007,29,USEHAT,MORADABAD,0,28.06,35.14,1.64,53.51,26.4,0,1,Rohilkhand,32,11,6,6,28,17
2007,30,BINAWAR,MORADABAD,8.62,18.63,26.74,7.19,52.73,10.01,0,0,Rohilkhand,32,11,6,6,28,17
2007,31,DATAGANJ,BHEEM NAGAR,18.7,19.61,32.73,21.17,52.9,16.23,0,1,Rohilkhand,32,11,6,6,28,17
2007,32,AONLA,BHEEM NAGAR,22.36,23.48,30.64,4.23,56.24,13.61,0,0,Rohilkhand,32,11,6,6,28,17
2007,33,SUNHA,BHEEM NAGAR,13.94,24.61,22.01,13.26,49.14,11.26,0,0,Rohilkhand,32,11,6,6,28,17
2007,34,FARIDPUR,RAMPUR,15.72,27.79,35.42,1.29,48.32,12.07,0,1,Rohilkhand,32,11,6,6,28,17
2007,35,BAREILLY CANTONMENT,RAMPUR,17.77,19.04,25.23,20.59,39.32,9.59,0,0,Rohilkhand,32,11,6,6,28,17
2007,36,BAREILLY CITY,RAMPUR,31.52,19.01,5.07,19.3,31.25,13.56,1,1,Rohilkhand,32,11,6,6,28,17
2007,37,NAWABGANJ,RAMPUR,20.34,27.74,24.91,7.41,64.44,7.62,0,1,Rohilkhand,32,11,6,6,28,17
2007,38,BHOJIPURA,RAMPUR,26.63,22.28,27.42,6.22,55.05,12.78,0,1,Rohilkhand,32,11,6,6,28,17
2007,39,KAWAR,JYOTIBA PHULE NAGAR,25.72,36.49,28.73,4.61,63.77,21.11,0,1,Rohilkhand,32,11,6,6,28,17
2007,40,BAHERI,JYOTIBA PHULE NAGAR,31.32,18.99,26.46,11.82,61.41,7.46,1,0,Rohilkhand,32,11,6,6,28,17
2007,41,PILIBHIT,JYOTIBA PHULE NAGAR,34.72,37.7,18.09,2.95,56.56,16.63,0,1,Rohilkhand,32,11,6,6,28,17
2007,42,BARKHERA,JYOTIBA PHULE NAGAR,43.46,32.92,12.14,3.53,53.76,20.78,1,1,Rohilkhand,32,11,6,6,28,17
2007,43,BISALPUR,MEERUT,28.54,24.99,32,1.92,57.77,20.01,0,1,Western UP,26,12,6,4,30,22
2007,44,PURANPUR,MEERUT,16.87,19.56,28.34,24.65,58.78,13.33,0,1,Western UP,26,12,6,4,30,22
2007,45,POWAYAN,MEERUT,0,31.96,24.9,20.62,49.95,10.81,0,1,Western UP,26,12,6,4,30,22
2007,46,NIGOHI,MEERUT,9.37,29.35,47.93,5.95,51.37,19.98,0,1,Western UP,26,12,6,4,30,22
2007,47,TILHAR,MEERUT,0,35.46,24.57,21.6,51.58,15.54,0,1,Western UP,26,12,6,4,30,22
2007,48,JALALABAD,MEERUT,9.39,27.41,30.14,26.03,50.91,16.64,0,1,Western UP,26,12,6,4,30,22
2007,49,DADRAUL,MEERUT,3.45,30.88,35.67,10.96,49.52,19.93,0,0,Western UP,26,12,6,4,30,22
2007,50,SHAHJAHANPUR,BAGHPAT,41.66,17.65,33.41,2.24,39.52,15.76,1,1,Western UP,26,12,6,4,30,22
2007,51,MOHAMDI,BAGHPAT,38.02,32.38,24.58,2.19,47.25,22.39,1,1,Western UP,26,12,6,4,30,22
2007,52,HAIDERABAD,BAGHPAT,10.37,41.14,34.71,8.67,46.9,24.34,0,1,Western UP,26,12,6,4,30,22
2007,53,PAILA,GHAZIABAD,22.97,28.17,35.83,5.41,44.13,17.55,0,1,Western UP,26,12,6,4,30,22
2007,54,LAKHIMPUR,GHAZIABAD,16.04,38.46,37.46,2.45,40.61,21.43,0,1,Western UP,26,12,6,4,30,22
2007,55,SRINAGAR,GHAZIABAD,14.95,29.51,24.64,17.63,47.49,12.78,0,1,Western UP,26,12,6,4,30,22
2007,56,NIGHASAN,GHAZIABAD,27.99,29.56,23.8,2.36,56.03,17.94,0,1,Western UP,26,12,6,4,30,22
2007,57,DHAUREHRA,GHAZIABAD,0,35.12,55.03,3.48,50.74,31.64,0,1,Western UP,26,12,6,4,30,22
2007,58,BEHTA,PANCHSHEEL NAGAR,9.23,33.5,31.23,1.86,54.44,22,0,1,Western UP,26,12,6,4,30,22
2007,59,BISWAN,PANCHSHEEL NAGAR,18.92,30.22,35.81,2.28,58.58,12.78,0,0,Western UP,26,12,6,4,30,22
2007,60,MAHMUDABAD,PANCHSHEEL NAGAR,0,50.36,41.86,2.34,59.1,39.52,0,1,Western UP,26,12,6,4,30,22
2007,61,SIDHAULI,GAUTAM BUDH NAGAR,2.37,39.42,48.59,5.44,50.94,33.98,0,1,Western UP,26,12,6,4,30,22
2007,62,LAHARPUR,GAUTAM BUDH NAGAR,8.69,32.26,41.63,10.7,52.73,21.57,0,1,Western UP,26,12,6,4,30,22
2007,63,SITAPUR,GAUTAM BUDH NAGAR,17.39,36.7,35.13,3.17,45.37,17.74,0,1,Western UP,26,12,6,4,30,22
2007,64,HARGAON,BULANDSHAHR,20.95,31.51,37.08,2.75,50.66,18.2,0,0,Western UP,26,12,6,4,30,22
2007,65,MISRIKH,BULANDSHAHR,0,47.77,45.36,1.5,50.52,43.62,0,0,Western UP,26,12,6,4,30,22
2007,66,MACHHREHTA,BULANDSHAHR,7.2,40.03,31.01,16.4,47.79,14.62,0,0,Western UP,26,12,6,4,30,22
2007,67,BENIGANJ,BULANDSHAHR,26.85,25.76,39.27,2.59,37.07,23.16,0,0,Western UP,26,12,6,4,30,22
2007,68,SANDILA,BULANDSHAHR,6.37,43.56,46.07,0.66,49.25,37.19,0,1,Western UP,26,12,6,4,30,22
2007,69,AHIRORI,BULANDSHAHR,3.56,40.83,49.32,1.21,38.84,37.28,0,0,Western UP,26,12,6,4,30,22
2007,70,HARDOI,BULANDSHAHR,3.56,55.58,36.38,0.95,43.94,32.83,0,1,Western UP,26,12,6,4,30,22
2007,71,BAWAN,ALIGARH,13.76,29.28,50.38,0.99,43.69,21.1,0,0,Western UP,26,12,6,4,30,22
2007,72,PIHANI,ALIGARH,2.17,41.21,43.41,5.69,52.25,35.52,0,1,Western UP,26,12,6,4,30,22
2007,73,SHAHABAD,ALIGARH,15.99,31.05,34.34,2.55,48.67,15.06,0,0,Western UP,26,12,6,4,30,22
2007,74,BILGRAM,ALIGARH,15.47,34.71,43.5,1.57,51.9,19.24,0,1,Western UP,26,12,6,4,30,22
2007,75,MALLAWAN,ALIGARH,0,30.05,36.23,6.7,49.32,14.31,0,1,Western UP,26,12,6,4,30,22
2007,76,BANGARMAU,ALIGARH,6.66,28.81,27.21,10.04,50.49,8.9,0,0,Western UP,26,12,6,4,30,22
2007,77,SAFIPUR,ALIGARH,24.89,35.21,28.4,5.71,42.75,19.18,0,0,Western UP,26,12,6,4,30,22
2007,78,UNNAO,MAHAMAYA NAGAR,9.82,35.03,23.87,25.81,38.35,14.05,0,0,Western UP,26,12,6,4,30,22
2007,79,HADHA,MAHAMAYA NAGAR,16.52,30.71,29.15,17.76,52.16,15.05,0,1,Western UP,26,12,6,4,30,22
2007,80,BHAGWANTNAGAR,MAHAMAYA NAGAR,18.84,22.97,36.69,13.19,47.58,13.72,0,1,Western UP,26,12,6,4,30,22
2007,81,PURWA,MATHURA,31,33.97,26.03,1.96,55.52,24.07,0,1,Western UP,26,12,6,4,30,22
2007,82,HASANGANJ,MATHURA,28.62,17.45,44.68,4.49,45.93,16.06,0,1,Western UP,26,12,6,4,30,22
2007,83,MALIHABAD,MATHURA,1.62,31.9,30.3,1.14,51.81,27.26,0,1,Western UP,26,12,6,4,30,22
2007,84,MAHONA,MATHURA,25.33,21.84,26.38,14.98,34.8,12.3,0,0,Western UP,26,12,6,4,30,22
2007,85,LUCKNOW EAST,MATHURA,28.09,27.15,20.93,20.5,31.54,19.98,1,1,Western UP,26,12,6,4,30,22
2007,86,LUCKNOW WEST,AGRA,38.42,26.15,21.69,9.77,27.88,12.27,1,1,Western UP,26,12,6,4,30,22
2007,87,LUCKNOW CENTRAL,AGRA,34.8,30.39,15.66,15.92,28.35,15.1,1,1,Western UP,26,12,6,4,30,22
2007,88,LUCKNOW CANTONMENT,AGRA,30.77,19.49,25.33,19.48,29.65,18.45,1,1,Western UP,26,12,6,4,30,22
2007,89,SAROJININAGAR,AGRA,12.02,33.94,36.99,5.9,43.56,21.92,0,1,Western UP,26,12,6,4,30,22
2007,90,MOHANLALGANJ,AGRA,6.88,20.62,23.43,9.91,42.9,10.71,0,0,Western UP,26,12,6,4,30,22
2007,91,BACHHRAWAN,AGRA,10.27,23.61,15.1,33.19,48.57,9.58,0,1,Western UP,26,12,6,4,30,22
2007,92,TILOI,AGRA,4.84,31.66,22.23,31.34,51.38,17.39,0,1,Western UP,26,12,6,4,30,22
2007,93,RAE BARELI,AGRA,2.14,11,7.82,20.25,45.83,31.65,0,1,Western UP,26,12,6,4,30,22
2007,94,SATAON,AGRA,3.56,20.49,17.08,49.13,47.18,28.64,0,0,Western UP,26,12,6,4,30,22
2007,95,SARENI,FIROZABAD,2.12,24.21,24.7,43.53,50.14,22.08,0,1,Western UP,26,12,6,4,30,22
2007,96,DALMAU,FIROZABAD,0,27.6,27.33,36.38,50.94,24.54,0,1,Western UP,26,12,6,4,30,22
2007,97,SALON,FIROZABAD,0,26.34,21.91,37.14,44.5,14.02,0,1,Western UP,26,12,6,4,30,22
2007,98,KUNDA,FIROZABAD,0,0,18.15,5.22,43.69,46.81,0,1,Western UP,26,12,6,4,30,22
2007,99,BIHAR,FIROZABAD,0,0,36.93,2.64,34.99,31.48,0,0,Western UP,26,12,6,4,30,22
2007,100,RAMPUR KHAS,KANSHIRAM NAGAR,0,21.06,16.47,48.01,42.23,26.95,0,1,Western UP,26,12,6,4,30,22
2007,101,GADWARA,KANSHIRAM NAGAR,0,25.31,42.74,5.72,41.97,17.43,0,0,Western UP,26,12,6,4,30,22
2007,102,PRATAPGARH,KANSHIRAM NAGAR,21.49,22.94,30.74,16.34,41.16,14.82,0,1,Western UP,26,12,6,4,30,22
2007,103,BIRAPUR,ETAH,30.45,18.04,34,3.49,41.67,14.17,0,0,Western UP,26,12,6,4,30,22
2007,104,PATTI,ETAH,29.74,29.42,28.64,2.46,45.76,25.37,1,1,Western UP,26,12,6,4,30,22
2007,105,AMETHI,ETAH,5.35,17.55,30.11,40.59,42.53,12.55,0,1,Western UP,26,12,6,4,30,22
2007,106,GAURIGANJ,ETAH,23.45,14.9,29.73,24.55,43.68,13.13,0,0,Western UP,26,12,6,4,30,22
2007,107,JAGDISHPUR,MAINPURI,11.75,16.18,23.23,37.6,35.23,14.37,0,0,Western UP,26,12,6,4,30,22
2007,108,ISSAULI,MAINPURI,2.26,43.92,40.3,7.16,45.49,33.14,0,1,Western UP,26,12,6,4,30,22
2007,109,SULTANPUR,MAINPURI,19.53,23.28,18.24,18.85,39.3,8.78,0,1,Western UP,26,12,6,4,30,22
2007,110,JAISINGHPUR,MAINPURI,12.12,16.5,32.08,17.25,40.23,14.83,0,1,Western UP,26,12,6,4,30,22
2007,111,CHANDA,BADAUN,0,19.83,32.45,17.05,43.24,12.62,0,0,Rohilkhand,32,11,6,6,28,17
2007,112,KADIPUR,BADAUN,25.65,27.95,29.09,5.45,39.23,20.2,0,1,Rohilkhand,32,11,6,6,28,17
2007,113,KATEHARI,BADAUN,0,32.35,32.52,3.27,50.57,15.87,0,1,Rohilkhand,32,11,6,6,28,17
2007,114,AKBARPUR,BADAUN,0,27.28,34.62,4.62,56.9,16.55,0,1,Rohilkhand,32,11,6,6,28,17
2007,115,JALALPUR,BADAUN,3.64,38.43,41.12,6.66,58.23,31.77,0,1,Rohilkhand,32,11,6,6,28,17
2007,116,JAHANGIRGANJ,BADAUN,14.28,34.1,39.64,4.6,49.27,19.82,0,0,Rohilkhand,32,11,6,6,28,17
2007,117,TANDA,BADAUN,0,38.46,39.96,2.95,55.26,28.9,0,1,Rohilkhand,32,11,6,6,28,17
2007,118,AYODHYA,BAREILLY,37,33.37,18.93,0,50.63,15.89,1,1,Rohilkhand,32,11,6,6,28,17
2007,119,BIKAPUR,BAREILLY,0,26.53,32.96,5.35,55.42,19.52,0,1,Rohilkhand,32,11,6,6,28,17
2007,120,MILKIPUR,BAREILLY,9.99,34.58,40.92,3.62,49.85,24.59,0,1,Rohilkhand,32,11,6,6,28,17
2007,121,SOHAWAL,BAREILLY,7.76,33.08,26.37,1.43,53.4,16.04,0,1,Rohilkhand,32,11,6,6,28,17
2007,122,RUDAULI,BAREILLY,9.67,36.08,33.16,4.1,50.82,23.49,0,1,Rohilkhand,32,11,6,6,28,17
2007,123,DARIYABAD,BAREILLY,0,43.74,33.1,1.68,54.13,19.27,0,1,Rohilkhand,32,11,6,6,28,17
2007,124,SIDDHAUR,BAREILLY,10.81,28.84,37.22,4.19,51.72,18.03,0,1,Rohilkhand,32,11,6,6,28,17
2007,125,HAIDERGARH,BAREILLY,27.57,31.07,25.33,3.99,48.14,21.35,0,0,Rohilkhand,32,11,6,6,28,17
2007,126,MASAULI,BAREILLY,0,14.01,36.29,8.54,58.62,18.44,0,1,Rohilkhand,32,11,6,6,28,17
2007,127,NAWABGANJ,PILIBHIT,3.72,27.25,34.83,20.69,50.63,16.97,0,0,Rohilkhand,32,11,6,6,28,17
2007,128,FATEHPUR,PILIBHIT,15.63,23.22,26.77,22.4,49.34,13.13,0,0,Rohilkhand,32,11,6,6,28,17
2007,129,RAMNAGAR,PILIBHIT,16.73,22.8,24.89,14.06,50.02,6.5,0,0,Rohilkhand,32,11,6,6,28,17
2007,130,KAISERGANJ,PILIBHIT,17.59,18.36,34.19,1.48,41.45,15.84,0,1,Rohilkhand,32,11,6,6,28,17
2007,131,FAKHARPUR,SHAHJAHANPUR,22.27,31.49,31.85,4.27,45.39,18,0,1,Rohilkhand,32,11,6,6,28,17
2007,132,MAHSI,SHAHJAHANPUR,36.56,5.13,36.24,1.35,48.05,23.66,1,0,Rohilkhand,32,11,6,6,28,17
2007,133,NANPARA,SHAHJAHANPUR,22.8,12.21,36.39,5.59,44.24,13.59,0,1,Rohilkhand,32,11,6,6,28,17
2007,134,CHARDA,SHAHJAHANPUR,30.54,32.16,25.25,2.72,36.99,22.04,0,0,Rohilkhand,32,11,6,6,28,17
2007,135,BHINGA,SHAHJAHANPUR,3.23,27.42,29.05,28.96,36.72,24.19,0,0,Rohilkhand,32,11,6,6,28,17
2007,136,BAHRAICH,SHAHJAHANPUR,14.33,34.06,32.25,1.56,43.04,17.92,0,1,Rohilkhand,32,11,6,6,28,17
2007,137,IKAUNA,LAKHIMPUR KHERI,30.35,21.77,37.18,2.78,35.35,18.99,0,0,Doab/Awadh,14,14,10,11,24,27
2007,138,GAINSARI,LAKHIMPUR KHERI,21.14,30.29,35.36,4.47,48.09,16.67,0,0,Doab/Awadh,14,14,10,11,24,27
2007,139,TULSIPUR,LAKHIMPUR KHERI,32.96,27.5,23.27,1.66,45.38,14.75,1,1,Doab/Awadh,14,14,10,11,24,27
2007,140,BALRAMPUR,LAKHIMPUR KHERI,21.52,14.32,24.43,22.57,37.82,12.49,0,1,Doab/Awadh,14,14,10,11,24,27
2007,141,UTRAULA,LAKHIMPUR KHERI,33.23,28.92,17.52,10.31,38.83,11.4,1,0,Doab/Awadh,14,14,10,11,24,27
2007,142,SADULLANAGAR,LAKHIMPUR KHERI,25.34,36.01,24.45,2.08,41.86,21.87,0,1,Doab/Awadh,14,14,10,11,24,27
2007,143,MANKAPUR,LAKHIMPUR KHERI,9.27,39.85,35.59,4.9,40.17,26.32,0,1,Doab/Awadh,14,14,10,11,24,27
2007,144,MUJEHNA,KHERI,3.42,38.82,31.39,13.76,45.81,17.63,0,1,Doab/Awadh,14,14,10,11,24,27
2007,145,GONDA,SITAPUR,25.31,31.75,34.02,1.86,43.48,23.45,0,1,Doab/Awadh,14,14,10,11,24,27
2007,146,KATRA BAZAR,SITAPUR,33.93,37.53,13.76,5.68,46.39,20.18,0,1,Doab/Awadh,14,14,10,11,24,27
2007,147,COLONELGANJ,SITAPUR,4.84,26.61,13.22,45.22,43.31,18.61,0,1,Doab/Awadh,14,14,10,11,24,27
2007,148,DIXIR,SITAPUR,39.74,8.43,43.23,2.93,38.46,31.32,0,0,Doab/Awadh,14,14,10,11,24,27
2007,149,HARRAIYA,SITAPUR,20.57,32.89,29.25,2.68,46.04,17.89,0,1,Doab/Awadh,14,14,10,11,24,27
2007,150,CAPTAINGANJ,SITAPUR,6.13,17.85,32.44,11.67,48.26,12.68,0,1,Doab/Awadh,14,14,10,11,24,27
2007,151,NAGAR EAST,SITAPUR,19.06,28.27,37.87,0,44.02,14.9,0,1,Doab/Awadh,14,14,10,11,24,27
2007,152,BASTI,SITAPUR,6.27,16.53,28.17,20.78,44.92,10.26,0,1,Doab/Awadh,14,14,10,11,24,27
2007,153,RAMNAGAR,SITAPUR,5.33,18.31,33.63,29.1,45.62,12.97,0,1,Doab/Awadh,14,14,10,11,24,27
2007,154,DOMARIAGANJ,HARDOI,23.02,25.27,26.05,15.51,43.31,12.31,0,1,Doab/Awadh,14,14,10,11,24,27
2007,155,ITWA,HARDOI,16.45,33.88,32.05,5.12,45.95,15.59,0,1,Doab/Awadh,14,14,10,11,24,27
2007,156,SHOHRATGARH,HARDOI,13.33,22.44,22.76,24.35,51.17,10.21,0,0,Doab/Awadh,14,14,10,11,24,27
2007,157,NAUGARH,HARDOI,18.08,15.41,13.27,22.85,46.11,7.65,0,0,Doab/Awadh,14,14,10,11,24,27
2007,158,BANSI,HARDOI,30.55,32.67,16.73,5.7,42.94,13.82,0,1,Doab/Awadh,14,14,10,11,24,27
2007,159,KHESRAHA,HARDOI,20.58,29.81,34.9,4.64,45.75,15.94,0,0,Doab/Awadh,14,14,10,11,24,27
2007,160,MENHDAWAL,HARDOI,20.46,29.62,24.21,2.3,42.22,10.67,0,1,Doab/Awadh,14,14,10,11,24,27
2007,161,KHALILABAD,HARDOI,16.74,30.27,39.44,1.62,35.25,14.44,0,1,Doab/Awadh,14,14,10,11,24,27
2007,162,HAINSARBAZAR,UNNAO,17.66,35.25,34.27,3.12,36.52,16.61,0,0,Doab/Awadh,14,14,10,11,24,27
2007,163,BANSGAON,UNNAO,32.69,18.57,34.59,3.23,38.3,15.34,0,1,Doab/Awadh,14,14,10,11,24,27
2007,164,DHURIAPAR,UNNAO,21.63,28.52,28.08,3.14,41.34,15.59,0,0,Doab/Awadh,14,14,10,11,24,27
2007,165,CHILLUPAR,UNNAO,5.2,0,42.94,2.06,38.32,32.24,0,1,Doab/Awadh,14,14,10,11,24,27
2007,166,KAURIRAM,UNNAO,11.2,29.78,39.62,8.07,44.17,18.58,0,0,Doab/Awadh,14,14,10,11,24,27
2007,167,MUNDERA BAZAR,UNNAO,15.51,18.75,25.04,32.37,41.21,12.34,0,0,Doab/Awadh,14,14,10,11,24,27
2007,168,PIPRAICH,LUCKNOW,18.54,0,30.82,14.73,48.16,12.12,0,1,Doab/Awadh,14,14,10,11,24,27
2007,169,GORAKHPUR,LUCKNOW,54.76,30.1,6.17,3.92,28.62,24.66,1,1,Doab/Awadh,14,14,10,11,24,27
2007,170,MANIRAM,LUCKNOW,32.12,29.93,23.28,2.32,40.6,20.08,1,0,Doab/Awadh,14,14,10,11,24,27
2007,171,SAHJANWA,LUCKNOW,9.03,4.75,30.13,7.14,48.59,21.11,0,0,Doab/Awadh,14,14,10,11,24,27
2007,172,PANIARA,LUCKNOW,11.72,35.39,38.25,2.43,49.06,23.68,0,1,Doab/Awadh,14,14,10,11,24,27
2007,173,PHARENDA,LUCKNOW,28.93,21.92,22.54,15.76,52.2,13.93,1,0,Doab/Awadh,14,14,10,11,24,27
2007,174,LAKSHMIPUR,LUCKNOW,4.72,41.14,16.15,0,55.18,12.76,0,0,Doab/Awadh,14,14,10,11,24,27
2007,175,SISWA,LUCKNOW,33.6,28.76,25.73,1.71,56.25,23.64,1,1,Doab/Awadh,14,14,10,11,24,27
2007,176,MAHARAJGANJ,LUCKNOW,21.04,26.84,26.22,16.05,51.94,12.98,0,1,Doab/Awadh,14,14,10,11,24,27
2007,177,SHYAM DEURWA,RAE BARELI,26.29,33.9,23.27,5.49,51.57,17.78,0,0,Doab/Awadh,14,14,10,11,24,27
2007,178,NAURANGIA,CHHATRAPATHI SHAHUJI MAHARAJ GAR,27.66,25.36,22.28,2.76,47.9,16.98,1,1,Doab/Awadh,14,14,10,11,24,27
2007,179,RAMKOLA,RAE BARELI,32.22,29.16,20.78,2.39,46,11.6,1,1,Doab/Awadh,14,14,10,11,24,27
2007,180,HATA,RAE BARELI,29.87,23.8,19.48,14.58,40.6,11.21,1,1,Doab/Awadh,14,14,10,11,24,27
2007,181,PADRAUNA,CHHATRAPATHI SHAHUJI MAHARAJ GAR,14.67,12.66,16.7,20.4,44.69,5.93,0,1,Doab/Awadh,14,14,10,11,24,27
2007,182,SEORAHI,RAE BARELI,27.58,32.63,24.3,1.43,47.45,21.57,0,0,Doab/Awadh,14,14,10,11,24,27
2007,183,FAZILNAGAR,RAE BARELI,14.5,37.38,20.67,11.54,43.31,16.72,0,0,Doab/Awadh,14,14,10,11,24,27
2007,184,KASIA,CHHATRAPATHI SHAHUJI MAHARAJ GAR,33.03,34.72,11.91,13.66,46.71,19.37,0,0,Doab/Awadh,14,14,10,11,24,27
2007,185,GAURI BAZAR,CHHATRAPATHI SHAHUJI MAHARAJ GAR,23.39,27.27,36.16,4.55,46.81,18.84,0,1,Doab/Awadh,14,14,10,11,24,27
2007,186,RUDRAPUR,CHHATRAPATHI SHAHUJI MAHARAJ GAR,18.22,13.33,23.33,9.13,37.29,5.58,0,1,Doab/Awadh,14,14,10,11,24,27
2007,187,DEORIA,BADAUN,0,18.12,16.14,13.18,40.41,3.89,0,1,Rohilkhand,32,11,6,6,28,17
2007,188,BHATPAR RANI,SULTANPUR,0,35.11,32.46,17.26,41.16,15.2,0,1,Doab/Awadh,14,14,10,11,24,27
2007,189,SALEMPUR,SULTANPUR,10.54,28.52,20.51,5.55,37.63,8.5,0,0,Doab/Awadh,14,14,10,11,24,27
2007,190,BARHAJ,SULTANPUR,18.93,21.75,36.41,1.94,40.77,14.67,0,1,Doab/Awadh,14,14,10,11,24,27
2007,191,NATTHUPUR,SULTANPUR,0,28.67,33.74,5.03,41.47,17.25,0,0,Doab/Awadh,14,14,10,11,24,27
2007,192,GHOSI,FARRUKHABAD,6.38,25.52,31.75,0.84,44.87,15.43,0,0,Doab/Awadh,14,14,10,11,24,27
2007,193,SAGRI,FARRUKHABAD,0,33.9,28.8,2.79,46.23,18.17,0,0,Doab/Awadh,14,14,10,11,24,27
2007,194,GOPALPUR,FARRUKHABAD,0,34.02,35.17,2.34,43.67,25.44,0,0,Doab/Awadh,14,14,10,11,24,27
2007,195,AZAMGARH,FARRUKHABAD,4.18,43.96,35.39,3.49,39.06,30.47,0,1,Doab/Awadh,14,14,10,11,24,27
2007,196,NIZAMABAD,KANNAUJ,0,35.28,45.4,5.05,41.71,30.23,0,1,Doab/Awadh,14,14,10,11,24,27
2007,197,ATRAULIA,KANNAUJ,0,42.89,45.06,2.74,51.95,39.87,0,1,Doab/Awadh,14,14,10,11,24,27
2007,198,PHULPUR,KANNAUJ,3.21,35.46,33.6,15.04,48.62,18.56,0,1,Doab/Awadh,14,14,10,11,24,27
2007,199,SARAIMIR,ETAWAH,5.19,37.44,36.88,3.34,42.56,25.75,0,0,Doab/Awadh,14,14,10,11,24,27
2007,200,MEHNAGAR,ETAWAH,21.5,0,31.72,3.75,39.86,15.45,0,1,Doab/Awadh,14,14,10,11,24,27
2007,201,LALGANJ,ETAWAH,22.85,20.78,38.18,4.59,43.56,16.19,0,1,Doab/Awadh,14,14,10,11,24,27
2007,202,MUBARAKPUR,AURAIYA,13.71,28.15,29.87,8.82,44.05,14.44,0,0,Doab/Awadh,14,14,10,11,24,27
2007,203,MOHAMMADABAD GOHNA,AURAIYA,15.3,29.9,32.6,1.71,42.7,14.6,0,0,Doab/Awadh,14,14,10,11,24,27
2007,204,MAU,AURAIYA,0,0,42.1,2.05,46.42,39.63,0,0,Doab/Awadh,14,14,10,11,24,27
2007,205,RASRA,RAMABAI NAGAR,22.41,18.03,25.54,4.16,38.38,10.6,0,1,Doab/Awadh,14,14,10,11,24,27
2007,206,SIAR,RAMABAI NAGAR,7.7,28.01,37.04,4.11,41.34,16.59,0,1,Doab/Awadh,14,14,10,11,24,27
2007,207,CHILKAHAR,RAMABAI NAGAR,23.63,29,26.52,2.21,44.72,11.65,0,1,Doab/Awadh,14,14,10,11,24,27
2007,208,SIKANDARPUR,RAMABAI NAGAR,2.7,26.36,32.99,1.49,40.8,21.51,0,1,Doab/Awadh,14,14,10,11,24,27
2007,209,BANSDIH,KANPUR GRAMEEN,2.54,26.12,26.53,22.43,37.78,10.61,0,1,Doab/Awadh,14,14,10,11,24,27
2007,210,DOABA,KANPUR GRAMEEN,22.93,20.8,26.45,9.64,27.92,9.98,0,0,Doab/Awadh,14,14,10,11,24,27
2007,211,BALLIA,KANPUR GRAMEEN,6.44,26.96,29.92,10.18,32.59,12.94,0,0,Doab/Awadh,14,14,10,11,24,27
2007,212,KOPACHIT,KANPUR GRAMEEN,18.96,33.57,28.56,1.42,42.18,9.66,0,1,Doab/Awadh,14,14,10,11,24,27
2007,213,ZAHOORABAD,KANPUR NAGAR,14.37,16.88,28.17,7.6,49.29,11.29,0,1,Doab/Awadh,14,14,10,11,24,27
2007,214,MOHAMMADABAD,KANPUR NAGAR,37.02,39.38,14.85,1.7,48.84,22.17,0,1,Doab/Awadh,14,14,10,11,24,27
2007,215,DILDARNAGAR,KANPUR NAGAR,4.23,37.77,43.43,2.24,41.61,33.54,0,1,Doab/Awadh,14,14,10,11,24,27
2007,216,ZAMANIA,KANPUR NAGAR,28.35,29.22,29.9,2.48,47.34,25.87,0,0,Doab/Awadh,14,14,10,11,24,27
2007,217,GHAZIPUR,KANPUR NAGAR,12.88,30.73,29.9,8.03,49.39,17.01,0,0,Doab/Awadh,14,14,10,11,24,27
2007,218,JAKHANIA,KANPUR NAGAR,8.74,30.82,37.43,2.9,46.39,22.07,0,0,Doab/Awadh,14,14,10,11,24,27
2007,219,SADAT,JALAUN,5.01,28.21,34.04,17.56,46.78,10.65,0,0,Bundelkhand,7,16,9,12,31,25
2007,220,SAIDPUR,JALAUN,26.27,24.59,34.53,3.56,48,19.49,0,0,Bundelkhand,7,16,9,12,31,25
2007,221,DHANAPUR,JALAUN,3.11,37.69,49.41,0,50.11,33.58,0,1,Bundelkhand,7,16,9,12,31,25
2007,222,CHANDAULI,JHANSI,18.54,28.18,34.87,5.37,40.81,13.17,0,1,Bundelkhand,7,16,9,12,31,25
2007,223,CHAKIA,JHANSI,15.6,34.13,36.36,4.24,48.11,18.52,0,0,Bundelkhand,7,16,9,12,31,25
2007,224,MUGHALSARAI,JHANSI,28.52,30.46,28.89,3.16,39.76,24.44,0,0,Bundelkhand,7,16,9,12,31,25
2007,225,VARANASI CANTONMENT,JHANSI,26.04,21.53,14.15,16.28,31.58,5.25,1,0,Bundelkhand,7,16,9,12,31,25
2007,226,VARANASI SOUTH,LALITPUR,46.24,16.74,6.16,27.05,31.18,19.19,1,1,Bundelkhand,7,16,9,12,31,25
2007,227,VARANASI NORTH,LALITPUR,27.38,29.85,8.26,4.57,31.87,11.59,0,0,Bundelkhand,7,16,9,12,31,25
2007,228,CHIRAIGAON,HAMIRPUR,21.51,21.67,27.6,0,39.88,19.75,0,0,Bundelkhand,7,16,9,12,31,25
2007,229,KOLASLA,HAMIRPUR,28.27,12.2,24.93,2.01,47.66,7.27,1,1,Bundelkhand,7,16,9,12,31,25
2007,230,GANGAPUR,MAHOBA,0,30.52,16.84,6.68,49.61,7.56,0,1,Bundelkhand,7,16,9,12,31,25
2007,231,AURAI,MAHOBA,0,20.96,33.93,3.59,43.85,17.36,0,1,Bundelkhand,7,16,9,12,31,25
2007,232,GYANPUR,BANDA,12.41,40.25,38.56,2.68,45.6,26.15,0,0,Bundelkhand,7,16,9,12,31,25
2007,233,BHADOHI,BANDA,15.48,33.3,38.42,4.89,37.32,17.83,0,1,Bundelkhand,7,16,9,12,31,25
2007,234,BARSATHI,BANDA,22.2,22.74,34.28,2.4,40.19,16.74,0,1,Bundelkhand,7,16,9,12,31,25
2007,235,MARIAHU,BANDA,0,19.12,26.64,2.86,42.23,16.26,0,1,Bundelkhand,7,16,9,12,31,25
2007,236,KERAKAT,CHITRAKOOT,26.29,27.66,36.42,3.21,37.87,23.09,0,0,Bundelkhand,7,16,9,12,31,25
2007,237,BEYALSI,CHITRAKOOT,18.74,26.08,37.92,6.04,40,12.71,0,0,Bundelkhand,7,16,9,12,31,25
2007,238,JAUNPUR,FATEHPUR,20.54,31.64,25.83,3.22,39.7,10.79,0,0,Doab/Awadh,14,14,10,11,24,27
2007,239,RARI,FATEHPUR,0,28.66,26.01,3.36,44.7,22.65,0,1,Doab/Awadh,14,14,10,11,24,27
2007,240,SHAHGANJ,FATEHPUR,23.69,30.7,30.2,2.03,40.65,17.07,0,1,Doab/Awadh,14,14,10,11,24,27
2007,241,KHUTAHAN,FATEHPUR,2.33,33.13,25.7,3.49,45.6,19.8,0,1,Doab/Awadh,14,14,10,11,24,27
2007,242,GARWARA,FATEHPUR,36.56,25.88,25.52,4.48,43.27,21.04,1,0,Doab/Awadh,14,14,10,11,24,27
2007,243,MACHHLISHAHR,FATEHPUR,0,34.46,41.65,3.02,44.58,22.25,0,0,Doab/Awadh,14,14,10,11,24,27
2007,244,DUDHI,PRATAPGARH,18.47,29.52,32.25,4.65,47.75,13.83,0,0,Purvanchal,12,15,8,16,26,23
2007,245,ROBERTSGANJ,PRATAPGARH,19.09,19.83,30.05,6.47,42.64,11.68,0,1,Purvanchal,12,15,8,16,26,23
2007,246,RAJGARH,PRATAPGARH,0,20.49,30.7,13.59,52.01,10.22,0,1,Purvanchal,12,15,8,16,26,23
2007,247,CHUNAR,PRATAPGARH,29.48,27.23,24.1,5.76,51.65,18.34,1,1,Purvanchal,12,15,8,16,26,23
2007,248,MAJHWA,PRATAPGARH,18.3,28.68,31.92,7.11,50.35,11.19,0,0,Purvanchal,12,15,8,16,26,23
2007,249,MIRZAPUR,PRATAPGARH,14.38,32.27,24.68,14.52,43.55,12.46,0,1,Purvanchal,12,15,8,16,26,23
2007,250,CHHANVEY,PRATAPGARH,15.27,16.56,31.98,11.92,43.28,15.42,0,0,Purvanchal,12,15,8,16,26,23
2007,251,MEJA,KAUSHAMBI,0,0,39.84,2.47,43.99,13.41,0,1,Purvanchal,12,15,8,16,26,23
2007,252,KARCHANA,KAUSHAMBI,5.1,43.24,43.48,1.92,47.27,38.14,0,1,Purvanchal,12,15,8,16,26,23
2007,253,BARA,KAUSHAMBI,33.31,19.13,30.58,6.46,53.52,12.67,1,1,Purvanchal,12,15,8,16,26,23
2007,254,JHUSI,ALLAHABAD,9.76,32.52,45.47,6.21,48.58,22.76,0,0,Purvanchal,12,15,8,16,26,23
2007,255,HANDIA,ALLAHABAD,2.66,40.59,41.49,1.6,47.98,34.78,0,0,Purvanchal,12,15,8,16,26,23
2007,256,PRATAPPUR,ALLAHABAD,0,30.54,25.56,17.06,47.79,13.32,0,1,Purvanchal,12,15,8,16,26,23
2007,257,SORAON,ALLAHABAD,0,25.15,29.41,0,51.78,12.58,0,1,Purvanchal,12,15,8,16,26,23
2007,258,NAWABGANJ,ALLAHABAD,0,26.91,34.61,3.19,44.95,17.35,0,0,Purvanchal,12,15,8,16,26,23
2007,259,ALLAHABAD NORTH,ALLAHABAD,19.85,10.19,32.43,34.49,24.01,12.58,0,1,Purvanchal,12,15,8,16,26,23
2007,260,ALLAHABAD SOUTH,ALLAHABAD,21.48,16.07,37.29,19.74,34.37,15.81,0,0,Purvanchal,12,15,8,16,26,23
2007,261,ALLAHABAD WEST,ALLAHABAD,9.31,38.44,47.08,1.77,34.05,29.13,0,1,Purvanchal,12,15,8,16,26,23
2007,262,CHAIL,ALLAHABAD,20.53,22.44,37.84,7.73,34.04,15.41,0,1,Purvanchal,12,15,8,16,26,23
2007,263,MANJHANPUR,ALLAHABAD,15.43,25.06,47.52,3.8,44.07,22.46,0,1,Purvanchal,12,15,8,16,26,23
2007,264,SIRATHU,ALLAHABAD,0,25.27,45.85,7.74,39.82,20.59,0,1,Purvanchal,12,15,8,16,26,23
2007,265,KHAGA,ALLAHABAD,28.85,19.61,19.79,23.8,56.31,17.22,1,1,Purvanchal,12,15,8,16,26,23
2007,266,KISHUNPUR,BARABANKI,31.96,13.36,36.6,3.64,39.9,18.6,0,1,Doab/Awadh,14,14,10,11,24,27
2007,267,HASWA,BARABANKI,17.8,23.95,32.41,11.53,46.83,8.71,0,1,Doab/Awadh,14,14,10,11,24,27
2007,268,FATEHPUR,BARABANKI,33.94,14.42,23.58,17.41,44.22,12.45,1,0,Doab/Awadh,14,14,10,11,24,27
2007,269,JAHANABAD,BARABANKI,13.95,25.19,29.44,15.25,55.75,9.94,0,1,Doab/Awadh,14,14,10,11,24,27
2007,270,BINDKI,BARABANKI,26.89,17.49,36.01,10.24,50.54,9.4,0,1,Doab/Awadh,14,14,10,11,24,27
2007,271,ARYANAGAR,FAIZABAD,19,52.47,11.23,13.9,40.39,33.47,0,0,Doab/Awadh,14,14,10,11,24,27
2007,272,SISAMAU,BARABANKI,32,13.44,18.34,33.79,40.74,13.67,0,1,Doab/Awadh,14,14,10,11,24,27
2007,273,GENERALGANJ,FAIZABAD,40.01,36.64,5.72,15.42,41.55,21.21,1,1,Doab/Awadh,14,14,10,11,24,27
2007,274,KANPUR CANTONMENT,FAIZABAD,46.73,20.56,13.19,15.72,40.15,26.17,1,1,Doab/Awadh,14,14,10,11,24,27
2007,275,GOVINDNAGAR,FAIZABAD,28.91,12.92,9.61,45.61,38.45,16.7,0,1,Doab/Awadh,14,14,10,11,24,27
2007,276,KALYANPUR,FAIZABAD,29.47,17.6,29,16.56,38.16,12.64,1,1,Doab/Awadh,14,14,10,11,24,27
2007,277,SARSAUL,AMBEDKAR NAGAR,9.96,38.47,38.24,4.95,54.24,28.29,0,1,Doab/Awadh,14,14,10,11,24,27
2007,278,GHATAMPUR,AMBEDKAR NAGAR,0,45.54,47.32,0,54.79,43.22,0,1,Doab/Awadh,14,14,10,11,24,27
2007,279,BHOGNIPUR,AMBEDKAR NAGAR,23.41,29.74,32.47,7.99,44.89,15.42,0,1,Doab/Awadh,14,14,10,11,24,27
2007,280,RAJPUR,AMBEDKAR NAGAR,0,21.86,38.92,6.37,46.52,17.06,0,0,Doab/Awadh,14,14,10,11,24,27
2007,281,SARVANKHERA,AMBEDKAR NAGAR,10.81,35.66,33.23,2.69,48.54,22.42,0,1,Doab/Awadh,14,14,10,11,24,27
2007,282,CHAUBEPUR,BAHRAICH,15.39,25.89,34.34,3.42,48.88,11.97,0,0,Doab/Awadh,14,14,10,11,24,27
2007,283,BILHAUR,BAHRAICH,0,38.57,41.7,4.97,51.45,31.2,0,1,Doab/Awadh,14,14,10,11,24,27
2007,284,DERAPUR,BAHRAICH,31.5,28.12,34.3,2.35,50.71,25.77,0,0,Doab/Awadh,14,14,10,11,24,27
2007,285,AURAIYA,BAHRAICH,19.26,34.19,38.73,3.08,49.32,16.18,0,0,Doab/Awadh,14,14,10,11,24,27
2007,286,AJITMAL,BAHRAICH,17.34,33.38,41.77,3.85,47.72,16.04,0,1,Doab/Awadh,14,14,10,11,24,27
2007,287,LAKHANA,BAHRAICH,13.31,37.11,42.92,2.42,52.28,23.8,0,1,Doab/Awadh,14,14,10,11,24,27
2007,288,ETAWAH,BAHRAICH,20.12,38.61,27.73,5.27,47.26,14.85,0,1,Doab/Awadh,14,14,10,11,24,27
2007,289,JASWANTNAGAR,SHRAVASTI,3.7,57.81,33.48,1.9,53.32,29.78,0,1,Doab/Awadh,14,14,10,11,24,27
2007,290,BHARTHANA,SHRAVASTI,4.32,48.22,40.94,2.51,53.81,36.63,0,1,Doab/Awadh,14,14,10,11,24,27
2007,291,BIDHUNA,BALRAMPUR,24.13,34.26,34.05,2.06,57.87,21.76,0,1,Doab/Awadh,14,14,10,11,24,27
2007,292,KANNAUJ,BALRAMPUR,27.8,36.21,30.09,1.76,48.73,26.04,0,1,Doab/Awadh,14,14,10,11,24,27
2007,293,UMARDHA,BALRAMPUR,15.82,33.23,35.58,10.31,45.76,17.41,0,1,Doab/Awadh,14,14,10,11,24,27
2007,294,CHHIBRAMAU,BALRAMPUR,24.93,32.99,29.51,5.06,46.49,19.87,0,1,Doab/Awadh,14,14,10,11,24,27
2007,295,KAMALGANJ,GONDA,24.75,20.36,37.04,1.71,47.6,12.29,0,1,Doab/Awadh,14,14,10,11,24,27
2007,296,FARRUKHABAD,GONDA,30.65,39.77,19.77,4.4,44.58,30.69,0,0,Doab/Awadh,14,14,10,11,24,27
2007,297,KAIMGANJ,GONDA,18.55,17.55,29.09,21.49,47.5,11.36,0,1,Doab/Awadh,14,14,10,11,24,27
2007,298,MOHAMMDABAD,GONDA,5.25,39.61,36.91,12.56,44.24,24.35,0,1,Doab/Awadh,14,14,10,11,24,27
2007,299,MANIKPUR,GONDA,0,40.25,46.87,4.86,38.51,35.39,0,1,Doab/Awadh,14,14,10,11,24,27
2007,300,KARWI,GONDA,5.45,41.95,43.11,1.57,45.11,36.5,0,1,Doab/Awadh,14,14,10,11,24,27
2007,301,BABERU,GONDA,0,29.62,29.46,4.59,41.45,14.32,0,1,Doab/Awadh,14,14,10,11,24,27
2007,302,TINDWARI,SIDDHARTH NAGAR,3.69,31.27,24.48,7.79,42.67,16.69,0,1,Purvanchal,12,15,8,16,26,23
2007,303,BANDA,SIDDHARTH NAGAR,11.69,23.34,29.12,29.32,38.59,11.65,0,0,Purvanchal,12,15,8,16,26,23
2007,304,NARAINI,SIDDHARTH NAGAR,17.81,14.99,28.23,2.48,39.22,12.31,0,0,Purvanchal,12,15,8,16,26,23
2007,305,HAMIRPUR,SIDDHARTH NAGAR,20.77,36.04,30.18,5.7,50.34,15.07,0,0,Purvanchal,12,15,8,16,26,23
2007,306,MAUDAHA,SIDDHARTH NAGAR,14.4,30.02,45.43,1.93,49,15.62,0,1,Purvanchal,12,15,8,16,26,23
2007,307,RATH,BASTI,23.25,27.81,35.45,4.07,51.51,19.18,0,0,Purvanchal,12,15,8,16,26,23
2007,308,CHARKHARI,BASTI,20.19,27.63,33.56,9.85,50.74,10.34,0,1,Purvanchal,12,15,8,16,26,23
2007,309,MAHOBA,BASTI,11.27,19.08,22.17,14.28,54.51,7.96,0,0,Purvanchal,12,15,8,16,26,23
2007,310,MEHRONI,BASTI,6.88,15.33,36.31,23.93,66.76,12.38,0,1,Purvanchal,12,15,8,16,26,23
2007,311,LALITPUR,BASTI,8.18,31.7,42.48,2.58,57.44,23.51,0,0,Purvanchal,12,15,8,16,26,23
2007,312,JHANSI,SANT KABIR NAGAR,13.81,5.43,25.07,51.72,34.96,26.65,0,1,Purvanchal,12,15,8,16,26,23
2007,313,BABINA,SANT KABIR NAGAR,14.89,24.17,44.66,7.19,44.7,20.49,0,1,Purvanchal,12,15,8,16,26,23
2007,314,MAURANIPUR,SANT KABIR NAGAR,22.54,21.47,31.67,24.32,48.15,7.35,0,1,Purvanchal,12,15,8,16,26,23
2007,315,GAROUTHA,MAHARAJGANJ,0,41.32,19.8,32.32,49.37,17.41,0,0,Purvanchal,12,15,8,16,26,23
2007,316,KONCH,MAHARAJGANJ,30.81,25.51,32.7,4.95,44.62,20.56,0,1,Purvanchal,12,15,8,16,26,23
2007,317,ORAI,MAHARAJGANJ,0,18.45,24.39,26.49,45.27,15.73,0,0,Purvanchal,12,15,8,16,26,23
2007,318,KALPI,MAHARAJGANJ,20.59,34.66,36.33,2.59,51.9,18.01,0,1,Purvanchal,12,15,8,16,26,23
2007,319,MADHOGARH,MAHARAJGANJ,34.01,19.69,36.36,2.39,53.62,15.34,0,1,Purvanchal,12,15,8,16,26,23
2007,320,BHONGAON,GORAKHPUR,27.23,34.41,29.92,2.88,46.88,24.35,0,1,Purvanchal,12,15,8,16,26,23
2007,321,KISHNI,GORAKHPUR,24.25,37.29,32.2,2.79,45.26,21.46,0,0,Purvanchal,12,15,8,16,26,23
2007,322,KARHAL,GORAKHPUR,5.41,45.23,30.29,15.73,46.29,14.94,0,0,Purvanchal,12,15,8,16,26,23
2007,323,SHIKOHABAD,GORAKHPUR,0,33.38,13.86,1,46.14,19.52,0,0,Purvanchal,12,15,8,16,26,23
2007,324,JASRANA,GORAKHPUR,0,26.13,15.01,1.36,54.21,11.12,0,1,Purvanchal,12,15,8,16,26,23
2007,325,GHIROR,GORAKHPUR,0,39.26,41.27,1.75,50.01,24.94,0,0,Purvanchal,12,15,8,16,26,23
2007,326,MAINPURI,GORAKHPUR,38.52,35.03,19,3.33,46.51,16.03,1,1,Purvanchal,12,15,8,16,26,23
2007,327,ALIGANJ,GORAKHPUR,18.67,33.64,41.99,1.26,53.92,17.41,0,0,Purvanchal,12,15,8,16,26,23
2007,328,PATIALI,GORAKHPUR,13.51,27.06,36.76,17.94,44.2,12.03,0,0,Purvanchal,12,15,8,16,26,23
2007,329,SAKIT,KUSHINAGAR,25.45,28.03,27.63,3.01,43.16,14.05,0,0,Purvanchal,12,15,8,16,26,23
2007,330,SORON,KUSHINAGAR,25.26,6.51,30.89,2.14,45.05,12.62,0,1,Purvanchal,12,15,8,16,26,23
2007,331,KASGANJ,KUSHINAGAR,30.2,23.57,32.38,6.83,46.38,16.74,0,1,Purvanchal,12,15,8,16,26,23
2007,332,ETAH,KUSHINAGAR,44,25.03,20.7,4.49,46.09,18.98,1,0,Purvanchal,12,15,8,16,26,23
2007,333,NIDHAULI KALAN,KUSHINAGAR,22.51,30.59,23.14,17.42,48.84,14.74,0,0,Purvanchal,12,15,8,16,26,23
2007,334,JALESAR,KUSHINAGAR,35.07,25.45,34.98,1.69,39.87,23.76,1,1,Purvanchal,12,15,8,16,26,23
2007,335,FIROZABAD,KUSHINAGAR,24.29,25.48,33.47,1.79,38.11,13.51,0,1,Purvanchal,12,15,8,16,26,23
2007,336,BAH,DEORIA,35.96,17.67,40.81,1.18,34.37,18.29,0,1,Purvanchal,12,15,8,16,26,23
2007,337,FATEHABAD,DEORIA,29.11,25.27,17.69,0.58,54.08,16.69,1,0,Purvanchal,12,15,8,16,26,23
2007,338,TUNDLA,DEORIA,21.03,20.62,37.32,1.48,41.88,16.29,0,1,Purvanchal,12,15,8,16,26,23
2007,339,ETMADPUR,DEORIA,32.32,17.63,40.52,1.94,38.1,14.69,0,0,Purvanchal,12,15,8,16,26,23
2007,340,DAYALBAGH,DEORIA,16.49,9.68,31.16,1.51,42.36,14.68,0,0,Purvanchal,12,15,8,16,26,23
2007,341,AGRA CANTONMENT,DEORIA,28.17,18.44,31.67,10.64,35.54,9.73,0,0,Purvanchal,12,15,8,16,26,23
2007,342,AGRA EAST,DEORIA,34.99,5.84,25.72,17.77,37.53,9.27,1,1,Purvanchal,12,15,8,16,26,23
2007,343,AGRA WEST,AZAMGARH,34.46,9.9,39.82,9.47,30.7,24.56,0,1,Purvanchal,12,15,8,16,26,23
2007,344,KHERAGARH,AZAMGARH,26.59,7.05,37.05,2.16,48.42,15.62,0,1,Purvanchal,12,15,8,16,26,23
2007,345,FATEHPUR SIKRI,AZAMGARH,32.98,7.94,34.08,0.69,48.6,13.32,0,0,Purvanchal,12,15,8,16,26,23
2007,346,GOVERDHAN,AZAMGARH,15.16,5.43,33.76,2.79,39.28,18.6,0,0,Purvanchal,12,15,8,16,26,23
2007,347,MATHURA,AZAMGARH,19.78,14.14,18.36,36.96,39.89,17.17,0,1,Purvanchal,12,15,8,16,26,23
2007,348,CHHATA,AZAMGARH,15.56,7.44,46.2,2.18,50.36,21.57,0,1,Purvanchal,12,15,8,16,26,23
2007,349,MAT,AZAMGARH,1.83,0,26.65,2.19,51.31,24.46,0,1,Purvanchal,12,15,8,16,26,23
2007,350,GOKUL,AZAMGARH,10.31,4.14,43.39,3.06,44.53,25.06,0,0,Purvanchal,12,15,8,16,26,23
2007,351,SADABAD,AZAMGARH,4.41,3.67,34.3,6.85,47.2,27.44,0,0,Purvanchal,12,15,8,16,26,23
2007,352,HATHRAS,AZAMGARH,4.57,10.34,46.09,1,45.75,23.22,0,1,Purvanchal,12,15,8,16,26,23
2007,353,SASNI,MAU,25.07,28.92,34.16,6.33,46.05,18.74,0,0,Purvanchal,12,15,8,16,26,23
2007,354,SIKANDARA RAO,MAU,31.59,29.92,25.01,2.08,53.04,17.63,1,0,Purvanchal,12,15,8,16,26,23
2007,355,GANGIRI,MAU,30.6,21.39,29.32,0.78,51.04,14.51,1,0,Purvanchal,12,15,8,16,26,23
2007,356,ATRAULI,MAU,47.71,15.04,27.69,3.13,43.27,20.03,1,1,Purvanchal,12,15,8,16,26,23
2007,357,ALIGARH,BALLIA,30.28,36.76,9.68,19.04,40.41,11.24,0,1,Purvanchal,12,15,8,16,26,23
2007,358,KOIL,BALLIA,36.6,18.14,39.71,0,41.65,18.47,0,0,Purvanchal,12,15,8,16,26,23
2007,359,IGLAS,BALLIA,1.39,2.27,35.84,16.29,55.18,19.56,0,1,Purvanchal,12,15,8,16,26,23
2007,360,BARAULI,BALLIA,6.01,2.16,38.55,14.42,52.28,20.43,0,1,Purvanchal,12,15,8,16,26,23
2007,361,KHAIR,BALLIA,4.67,3.71,37.55,1.97,51.7,32.88,0,1,Purvanchal,12,15,8,16,26,23
2007,362,JEWAR,BALLIA,10.75,4.11,38.77,34.03,46.62,23.29,0,0,Purvanchal,12,15,8,16,26,23
2007,363,KHURJA,BALLIA,20.27,12.47,36.95,19.95,42.45,16.68,0,0,Purvanchal,12,15,8,16,26,23
2007,364,DEBAI,JAUNPUR,39.84,1.97,51.98,2.21,52.74,37.63,0,0,Purvanchal,12,15,8,16,26,23
2007,365,ANUPSHAHR,JAUNPUR,8.21,12.26,29.42,1.25,52.77,9.55,0,1,Purvanchal,12,15,8,16,26,23
2007,366,SIANA,JAUNPUR,25.44,0,21.39,22.18,53.08,17.43,1,0,Purvanchal,12,15,8,16,26,23
2007,367,AGOTA,JAUNPUR,30.27,28.09,24.29,7.6,48.98,16.69,1,1,Purvanchal,12,15,8,16,26,23
2007,368,BULANDSHAHR,JAUNPUR,16.88,27.45,29.84,13.6,43.51,10.56,0,0,Purvanchal,12,15,8,16,26,23
2007,369,SHIKARPUR,JAUNPUR,15.79,6.7,29.19,3.02,44.05,9.3,0,1,Purvanchal,12,15,8,16,26,23
2007,370,SIKANDRABAD,JAUNPUR,21.53,27.19,34.37,3.58,51.95,17.95,0,1,Purvanchal,12,15,8,16,26,23
2007,371,DADRI,JAUNPUR,21.96,12.94,32.5,10.3,42.29,10.53,0,1,Purvanchal,12,15,8,16,26,23
2007,372,GHAZIABAD,JAUNPUR,30.23,9.47,21.47,16.67,33.03,8.76,1,1,Purvanchal,12,15,8,16,26,23
2007,373,MURADNAGAR,GHAZIPUR,9.27,1.91,25.46,13.1,52.68,12.36,0,1,Purvanchal,12,15,8,16,26,23
2007,374,MODINAGAR,GHAZIPUR,15.54,20.42,21.25,7.66,48.01,6.42,0,0,Purvanchal,12,15,8,16,26,23
2007,375,HAPUR,GHAZIPUR,22.95,12.3,32.76,24.98,43.52,10.65,0,0,Purvanchal,12,15,8,16,26,23
2007,376,GARHMUKTESHWAR,GHAZIPUR,27.65,32.93,26.4,1.03,54.92,19.64,0,1,Purvanchal,12,15,8,16,26,23
2007,377,KITHORE,GHAZIPUR,19.51,32.82,30.24,1.29,52.4,10.73,0,1,Purvanchal,12,15,8,16,26,23
2007,378,HASTINAPUR,GHAZIPUR,13.87,15.77,28.44,22.6,48.75,7.85,0,1,Purvanchal,12,15,8,16,26,23
2007,379,SARDHANA,GHAZIPUR,20.07,16.29,26.83,3.4,51.72,10.44,0,1,Purvanchal,12,15,8,16,26,23
2007,380,MEERUT CANTONMENT,CHANDAULI,40.26,14.2,28.79,8.95,41.74,14.59,1,0,Purvanchal,12,15,8,16,26,23
2007,381,MEERUT,CHANDAULI,34.7,12.81,8.31,3.13,41.85,21.89,0,1,Purvanchal,12,15,8,16,26,23
2007,382,KHARKHAUDA,CHANDAULI,0,1.82,42.75,3.99,52.85,18.77,0,1,Purvanchal,12,15,8,16,26,23
2007,383,SIWALKHAS,CHANDAULI,14.56,7.88,32.52,4.94,42.91,13.47,0,0,Purvanchal,12,15,8,16,26,23
2007,384,KHEKRA,VARANASI,15.59,18.9,22.38,2.7,35.72,7.35,0,1,Purvanchal,12,15,8,16,26,23
2007,385,BAGHPAT,VARANASI,3.99,31.92,24.99,2.36,42.76,21,0,1,Purvanchal,12,15,8,16,26,23
2007,386,BARNAWA,VARANASI,12.49,27.89,16.11,5.03,47.64,11.78,0,1,Purvanchal,12,15,8,16,26,23
2007,387,CHAPRAULI,VARANASI,1.94,1.87,33.46,10.5,40.13,22.96,0,0,Purvanchal,12,15,8,16,26,23
2007,388,KANDHLA,VARANASI,12.43,12.43,42.79,0.62,50.42,15.24,0,1,Purvanchal,12,15,8,16,26,23
2007,389,KHATAULI,VARANASI,8.58,16.72,31.67,0,47.09,13.28,0,1,Purvanchal,12,15,8,16,26,23
2007,390,JANSATH,VARANASI,22.99,5.27,37.92,7.03,49.56,14.93,0,0,Purvanchal,12,15,8,16,26,23
2007,391,MORNA,VARANASI,16.48,6.63,32.7,1.04,58.13,16.22,0,1,Purvanchal,12,15,8,16,26,23
2007,392,MUZAFFARNAGAR,SANT RAVIDAS NAGAR,31.78,24.6,19.01,4.95,43.12,9,1,1,Purvanchal,12,15,8,16,26,23
2007,393,CHARTHAWAL,SANT RAVIDAS NAGAR,29.18,13.42,30.81,3.06,47.87,15.76,0,0,Purvanchal,12,15,8,16,26,23
2007,394,BAGHRA,SANT RAVIDAS NAGAR,15.71,10.52,16.49,31.28,52.62,9.52,0,0,Purvanchal,12,15,8,16,26,23
2007,395,KAIRANA,MIRZAPUR,38.45,8.06,15.33,1.83,51.06,17,1,1,Purvanchal,12,15,8,16,26,23
2007,396,THANA BHAWAN,MIRZAPUR,16.05,11.76,26.37,9.55,52.94,10.32,0,0,Purvanchal,12,15,8,16,26,23
2007,397,NAKUR,MIRZAPUR,2.51,29.66,41.59,4.64,63.37,12.54,0,1,Purvanchal,12,15,8,16,26,23
2007,398,SARSAWA,MIRZAPUR,17.01,19.18,41.33,2.11,64.24,22.15,0,0,Purvanchal,12,15,8,16,26,23
2007,399,NAGAL,MIRZAPUR,17.78,28.42,45.36,2.63,57.83,16.94,0,0,Purvanchal,12,15,8,16,26,23
2007,400,DEOBAND,SONBHADRA,24.6,21.53,36.49,1.13,57.48,11.91,0,1,Purvanchal,12,15,8,16,26,23
2007,401,HARORA,SONBHADRA,12.9,31.47,49.66,0.86,59.6,18.58,0,1,Purvanchal,12,15,8,16,26,23
2007,402,SAHARANPUR,SONBHADRA,47.72,36.3,10.13,2.65,44.6,26.17,1,1,Purvanchal,12,15,8,16,26,23
2007,403,MUZAFFARABAD,SONBHADRA,15.77,25.77,23.66,0.49,71.08,14.04,0,1,Purvanchal,12,15,8,16,26,23
2012,1,BEHAT,SAHARANPUR,10.68,21.42,31.78,31.55,72.91,10.74,0,0,Western UP,26,12,6,4,30,22
2012,2,NAKUR,SAHARANPUR,2.87,12.79,38.65,36.67,77.18,23.89,0,0,Western UP,26,12,6,4,30,22
2012,3,SAHARANPUR NAGAR,SAHARANPUR,38.8,9,16.47,33.05,62.83,16.59,1,1,Western UP,26,12,6,4,30,22
2012,4,SAHARANPUR,SAHARANPUR,5.27,21.1,39.57,31.17,73.79,15.83,0,0,Western UP,26,12,6,4,30,22
2012,5,DEOBAND,SAHARANPUR,5.06,34.05,32.5,23.23,67,18.18,0,1,Western UP,26,12,6,4,30,22
2012,6,RAMPUR MANIHARAN,SAHARANPUR,8.39,24.3,39.53,25.92,73.3,15.91,0,1,Western UP,26,12,6,4,30,22
2012,7,GANGOH,SAHARANPUR,6.7,26.68,17.95,28.44,72.21,8.74,0,0,Western UP,26,12,6,4,30,22
2012,8,KAIRANA,PRABUDDHA NAGAR,45.17,11.96,34.17,0,66.03,22.21,1,1,Western UP,26,12,6,4,30,22
2012,9,THANA BHAWAN,PRABUDDHA NAGAR,30.68,5.82,28.55,0,61.41,22.73,1,1,Western UP,26,12,6,4,30,22
2012,10,SHAMLI,PRABUDDHA NAGAR,5.41,29.83,27.09,32.05,60.91,21.68,0,0,Western UP,26,12,6,4,30,22
2012,11,BUDHANA,MUZAFFARNAGAR,8.29,35.45,21.43,0,58.3,13.14,0,0,Western UP,26,12,6,4,30,22
2012,12,CHARTHAWAL,MUZAFFARNAGAR,23.65,19.89,31.02,15.38,59.22,9.84,0,0,Western UP,26,12,6,4,30,22
2012,13,PURQAZI,MUZAFFARNAGAR,13.73,24.23,31.94,26.62,59.53,12.2,0,0,Western UP,26,12,6,4,30,22
2012,14,MUZAFFARNAGAR,MUZAFFARNAGAR,26.09,34.96,18.63,12.51,56.1,8.86,0,0,Western UP,26,12,6,4,30,22
2012,15,KHATAULI,MUZAFFARNAGAR,11.18,23.12,24,0,62.53,11.94,0,0,Western UP,26,12,6,4,30,22
2012,16,MEERAPUR,MUZAFFARNAGAR,15.22,12.49,33.66,0,61.76,10.89,0,1,Western UP,26,12,6,4,30,22
2012,17,NAJIBABAD,BIJNOR,27.35,15.29,33.54,0,61.77,13.8,0,0,Rohilkhand,32,11,6,6,28,17
2012,18,NAGINA,BIJNOR,12.61,46.04,31.49,2.91,60.94,18.88,0,1,Rohilkhand,32,11,6,6,28,17
2012,19,BARHAPUR,BIJNOR,20.3,4.28,33.83,19.32,66.34,13.53,0,0,Rohilkhand,32,11,6,6,28,17
2012,20,DHAMPUR,BIJNOR,6.18,33.12,32.77,22.96,63.78,16.78,0,1,Rohilkhand,32,11,6,6,28,17
2012,21,NEHTAUR,BIJNOR,12.7,19.46,31.26,0,63.89,11.8,0,0,Rohilkhand,32,11,6,6,28,17
2012,22,BIJNOR,BIJNOR,32.94,12.02,24.42,0,65.88,10.64,1,1,Rohilkhand,32,11,6,6,28,17
2012,23,CHANDPUR,BIJNOR,19.63,21.22,29.2,0,67.59,8.23,0,1,Rohilkhand,32,11,6,6,28,17
2012,24,NOORPUR,BIJNOR,26.94,19.71,23.84,0,65.51,12.22,1,0,Rohilkhand,32,11,6,6,28,17
2012,25,KANTH,MORADABAD,12.42,15.29,17.72,9.14,66.41,4.47,0,1,Rohilkhand,32,11,6,6,28,17
2012,26,THAKURDWARA,MORADABAD,38.39,2.56,11.97,21.12,71.18,17.24,1,0,Rohilkhand,32,11,6,6,28,17
2012,27,MORADABAD RURAL,MORADABAD,27.39,39.98,12.96,13.25,59.14,14.14,0,0,Rohilkhand,32,11,6,6,28,17
2012,28,MORADABAD,MORADABAD,32.52,42.18,15.63,6.01,53.85,16.88,0,1,Rohilkhand,32,11,6,6,28,17
2012,29,KUNDARKI,MORADABAD,29.2,37.03,14.23,14.77,70.92,14.43,0,0,Rohilkhand,32,11,6,6,28,17
2012,30,BILARI,MORADABAD,8.85,29.45,28.63,0,64.7,19.78,0,0,Rohilkhand,32,11,6,6,28,17
2012,31,CHANDAUSI,BHEEM NAGAR,27.03,29.11,26.85,7.01,60.88,19.85,0,1,Rohilkhand,32,11,6,6,28,17
2012,32,ASMOLI,BHEEM NAGAR,13.78,35.36,22.73,11.43,70.17,12.63,0,1,Rohilkhand,32,11,6,6,28,17
2012,33,SAMBHAL,BHEEM NAGAR,25.38,40.7,23.56,0,66.38,18.21,0,1,Rohilkhand,32,11,6,6,28,17
2012,34,SUAR TANDA,RAMPUR,25.04,22.68,14.95,33.26,62.02,14.14,0,1,Rohilkhand,32,11,6,6,28,17
2012,35,CHAMRAUA,RAMPUR,9.61,21.3,22.42,17.02,61.61,6.26,0,0,Rohilkhand,32,11,6,6,28,17
2012,36,BILASPUR,RAMPUR,18.63,21.96,18.66,27.2,65.61,14.61,0,1,Rohilkhand,32,11,6,6,28,17
2012,37,RAMPUR,RAMPUR,5.75,55.31,9.57,18.77,54.33,36.54,0,1,Rohilkhand,32,11,6,6,28,17
2012,38,MILAK,RAMPUR,14.98,31.54,19.41,20.34,58.53,11.2,0,0,Rohilkhand,32,11,6,6,28,17
2012,39,DHANAURA,JYOTIBA PHULE NAGAR,14.4,28.38,24.48,0,66.53,8.83,0,1,Rohilkhand,32,11,6,6,28,17
2012,40,NAUGAWAN SADAT,JYOTIBA PHULE NAGAR,7.34,27.47,25.66,0,72.57,8.55,0,0,Rohilkhand,32,11,6,6,28,17
2012,41,AMROHA,JYOTIBA PHULE NAGAR,22.06,34.4,18.6,5.31,66.61,12.34,0,1,Rohilkhand,32,11,6,6,28,17
2012,42,HASANPUR,JYOTIBA PHULE NAGAR,19.39,42.07,27.47,2.89,71.71,16.5,0,0,Rohilkhand,32,11,6,6,28,17
2012,43,SIWALKHAS,MEERUT,10.45,31.28,23.52,0,65.69,13.07,0,0,Western UP,26,12,6,4,30,22
2012,44,SARDHANA,MEERUT,29.09,22.38,20.83,0,72.43,20.21,1,1,Western UP,26,12,6,4,30,22
2012,45,HASTINAPUR,MEERUT,12.73,25.31,16.62,21.12,61.53,11.99,0,1,Western UP,26,12,6,4,30,22
2012,46,KITHORE,MEERUT,8.3,36.3,30.78,0,66.36,13.48,0,1,Western UP,26,12,6,4,30,22
2012,47,MEERUT CANTONMENT,MEERUT,34.86,4.77,33.08,21.98,58.59,17.21,1,0,Western UP,26,12,6,4,30,22
2012,48,MEERUT,MEERUT,38.04,34.54,7.35,17.8,64.25,16.73,1,0,Western UP,26,12,6,4,30,22
2012,49,MEERUT SOUTH,MEERUT,32.79,22.49,28.31,0,61.52,10.97,1,0,Western UP,26,12,6,4,30,22
2012,50,CHAPRAULI,BAGHPAT,3.12,9.69,32.86,0,52.05,23.17,0,0,Western UP,26,12,6,4,30,22
2012,51,BARAUT,BAGHPAT,5.74,10.4,39.12,0,58.22,24.84,0,0,Western UP,26,12,6,4,30,22
2012,52,BAGHPAT,BAGHPAT,2.98,25.22,34.54,0,62.58,21.65,0,1,Western UP,26,12,6,4,30,22
2012,53,LONI,GHAZIABAD,22.39,3.09,41.52,0,60.19,19.3,0,1,Western UP,26,12,6,4,30,22
2012,54,MURADNAGAR,GHAZIABAD,24.33,24.75,26.43,22.85,62.34,22.29,0,1,Western UP,26,12,6,4,30,22
2012,55,SAHIBABAD,GHAZIABAD,29.97,10.87,37.26,15.34,49.31,14.62,0,1,Western UP,26,12,6,4,30,22
2012,56,GHAZIABAD,GHAZIABAD,28.88,9.46,35.57,20.49,54.08,11.03,0,0,Western UP,26,12,6,4,30,22
2012,57,MODINAGAR,GHAZIABAD,8.49,23.31,25.21,0,62.61,14.81,0,1,Western UP,26,12,6,4,30,22
2012,58,DHOLANA,PANCHSHEEL NAGAR,18.15,29.24,24.62,0,65.86,7.77,0,0,Western UP,26,12,6,4,30,22
2012,59,HAPUR,PANCHSHEEL NAGAR,17.22,4.82,29.8,41.78,62.32,12.58,0,0,Western UP,26,12,6,4,30,22
2012,60,GARMUKHTESHWAR,PANCHSHEEL NAGAR,2,43.31,33.79,0,65.66,16.81,0,1,Western UP,26,12,6,4,30,22
2012,61,NOIDA,GAUTAM BUDH NAGAR,36.87,20.06,23.67,12.15,48.97,13.2,1,0,Western UP,26,12,6,4,30,22
2012,62,DADRI,GAUTAM BUDH NAGAR,21.98,11.63,40.68,18.94,58.03,18.7,0,1,Western UP,26,12,6,4,30,22
2012,63,JEWAR,GAUTAM BUDH NAGAR,3.55,19.7,37.82,32.5,62.05,16.15,0,1,Western UP,26,12,6,4,30,22
2012,64,SIKANDRABAD,BULANDSHAHR,22.31,21.2,22.25,17.58,60.67,13.06,1,0,Western UP,26,12,6,4,30,22
2012,65,BULANDSHAHR,BULANDSHAHR,33.81,5.11,37.18,0,61.06,23.48,0,1,Western UP,26,12,6,4,30,22
2012,66,SYANA,BULANDSHAHR,4.33,19.59,25,25.79,60.6,15.27,0,1,Western UP,26,12,6,4,30,22
2012,67,ANUPSHAHR,BULANDSHAHR,6.28,24.73,26.53,0,59.33,10.13,0,1,Western UP,26,12,6,4,30,22
2012,68,DEBAI,BULANDSHAHR,1.87,34.37,20.83,0,61.79,18.05,0,1,Western UP,26,12,6,4,30,22
2012,69,SHIKARPUR,BULANDSHAHR,5.36,34.98,30.43,0,62.61,19.22,0,1,Western UP,26,12,6,4,30,22
2012,70,KHURJA,BULANDSHAHR,18.19,1.22,29.36,47.13,64.27,17.78,0,1,Western UP,26,12,6,4,30,22
2012,71,KHAIR,ALIGARH,13.88,4.01,28.53,0,59.16,20.23,0,0,Western UP,26,12,6,4,30,22
2012,72,BARAULI,ALIGARH,3.42,2.09,33.54,0,66.37,18.57,0,1,Western UP,26,12,6,4,30,22
2012,73,ATRAULI,ALIGARH,11.02,26.63,20.63,14.84,62.83,10.07,0,1,Western UP,26,12,6,4,30,22
2012,74,CHHARRA,ALIGARH,8.27,27.96,25.49,9.69,63.61,12.83,0,0,Western UP,26,12,6,4,30,22
2012,75,KOIL,ALIGARH,19.69,25.42,17.28,25.08,60.2,13.31,0,0,Western UP,26,12,6,4,30,22
2012,76,ALIGARH,ALIGARH,24.46,36.95,14.83,10.66,62.82,12.49,0,0,Western UP,26,12,6,4,30,22
2012,77,IGLAS,ALIGARH,10.38,17.53,30.4,0,61.56,12.87,0,0,Western UP,26,12,6,4,30,22
2012,78,HATHRAS,MAHAMAYA NAGAR,24.65,14.74,28.88,22.6,59.05,8.16,0,1,Western UP,26,12,6,4,30,22
2012,79,SADABAD,MAHAMAYA NAGAR,3.66,33.84,31.09,0,60.54,23.55,0,0,Western UP,26,12,6,4,30,22
2012,80,SIKANDRA RAO,MAHAMAYA NAGAR,1.96,45.3,45.81,0,64.83,42.33,0,1,Western UP,26,12,6,4,30,22
2012,81,CHHATA,MATHURA,3.38,2.67,38.1,0,69.66,32.46,0,1,Western UP,26,12,6,4,30,22
2012,82,MANT,MATHURA,1.66,0.52,15.97,0,70.38,26.34,0,0,Western UP,26,12,6,4,30,22
2012,83,GOVARDHAN,MATHURA,18.59,6.82,34.76,0,67.23,11.76,0,1,Western UP,26,12,6,4,30,22
2012,84,MATHURA,MATHURA,26.91,26.44,15.07,27.16,56.01,14.59,0,1,Western UP,26,12,6,4,30,22
2012,85,BALDEV,MATHURA,23.74,5.31,24.74,0,60.26,18.43,0,1,Western UP,26,12,6,4,30,22
2012,86,ETMADPUR,AGRA,21.23,30.29,33.9,0,65.23,12.44,0,0,Western UP,26,12,6,4,30,22
2012,87,AGRA CANTONMENT,AGRA,29.4,21.89,32.47,11.18,54.44,10.7,0,1,Western UP,26,12,6,4,30,22
2012,88,AGRA SOUTH,AGRA,37.77,6.81,26.1,20.31,59.85,13.49,1,1,Western UP,26,12,6,4,30,22
2012,89,AGRA NORTH,AGRA,34.77,15,22.9,19.45,55.34,12.21,1,1,Western UP,26,12,6,4,30,22
2012,90,AGRA RURAL,AGRA,11.33,25.46,34.84,19.34,58.37,9.39,0,0,Western UP,26,12,6,4,30,22
2012,91,FATEHPUR SIKRI,AGRA,3.41,2.28,33.09,0,66.13,13.41,0,0,Western UP,26,12,6,4,30,22
2012,92,KHERAGARH,AGRA,11.14,32.65,36.36,0,64.67,16.73,0,1,Western UP,26,12,6,4,30,22
2012,93,FATEHABAD,AGRA,11.13,39.32,39.7,0,69.53,28.18,0,1,Western UP,26,12,6,4,30,22
2012,94,BAH,AGRA,1.31,54.07,39.67,1.16,59.99,38.35,0,0,Western UP,26,12,6,4,30,22
2012,95,TUNDLA,FIROZABAD,28.25,28.96,32.79,0,63.52,24.72,0,1,Western UP,26,12,6,4,30,22
2012,96,JASRANA,FIROZABAD,2.06,51.31,37.24,1.71,66.56,35.18,0,0,Western UP,26,12,6,4,30,22
2012,97,FIROZABAD,FIROZABAD,33.67,32.76,23.29,1.32,62.88,18.05,1,0,Western UP,26,12,6,4,30,22
2012,98,SHIKOHABAD,FIROZABAD,6.16,51.96,28.8,5.85,61.99,23.17,0,0,Western UP,26,12,6,4,30,22
2012,99,SIRSAGANJ,FIROZABAD,2.11,46.01,24.48,2.28,64.49,21.53,0,0,Western UP,26,12,6,4,30,22
2012,100,KASGANJ,KANSHIRAM NAGAR,9.4,25.41,20.08,11.34,59.56,8.09,0,0,Western UP,26,12,6,4,30,22
2012,101,AMANPUR,KANSHIRAM NAGAR,3.27,21.53,23.82,9.54,58.45,9.56,0,1,Western UP,26,12,6,4,30,22
2012,102,PATIALI,KANSHIRAM NAGAR,13.56,35.44,19.69,9.07,57.55,15.75,0,0,Western UP,26,12,6,4,30,22
2012,103,ALIGANJ,ETAH,0.97,45.63,32.6,4.09,66.66,20.32,0,0,Western UP,26,12,6,4,30,22
2012,104,ETAH,ETAH,20.09,24.02,22.04,17.38,57.12,7.83,0,1,Western UP,26,12,6,4,30,22
2012,105,MARHARA,ETAH,4.42,36.16,17.74,4.3,63.79,13.32,0,0,Western UP,26,12,6,4,30,22
2012,106,JALESAR,ETAH,13.84,36.97,21.91,13.91,58.93,15.07,0,0,Western UP,26,12,6,4,30,22
2012,107,MAINPURI,MAINPURI,12.01,32.94,24.43,14.55,57.43,9.88,0,0,Western UP,26,12,6,4,30,22
2012,108,BHONGAON,MAINPURI,11.38,40.78,22.99,15.12,59.28,17.8,0,1,Western UP,26,12,6,4,30,22
2012,109,KISHNI,MAINPURI,13.86,50.25,27.41,1.69,58.09,22.84,0,1,Western UP,26,12,6,4,30,22
2012,110,KARHAL,MAINPURI,6.65,46.9,31.22,4.99,60.96,24.57,0,1,Western UP,26,12,6,4,30,22
2012,111,GUNNAUR,BADAUN,2.15,53.19,9.57,30.08,59.14,23.11,0,0,Rohilkhand,32,11,6,6,28,17
2012,112,BISAULI,BADAUN,20.25,44.33,23.02,6.24,57.85,21.3,0,0,Rohilkhand,32,11,6,6,28,17
2012,113,SAHASWAN,BADAUN,1.01,33.01,29.83,5.91,62.48,19.54,0,0,Rohilkhand,32,11,6,6,28,17
2012,114,BILSI,BADAUN,2.46,27.74,32.43,9.84,60.55,14.59,0,0,Rohilkhand,32,11,6,6,28,17
2012,115,BADAUN,BADAUN,24.47,32.44,23.06,6.42,61.8,16.64,0,0,Rohilkhand,32,11,6,6,28,17
2012,116,SHEKHUPUR,BADAUN,1.43,32.76,24.85,28.82,62.7,19.52,0,1,Rohilkhand,32,11,6,6,28,17
2012,117,DATAGANJ,BADAUN,6.69,27.16,29.64,24.92,62.66,18.22,0,1,Rohilkhand,32,11,6,6,28,17
2012,118,BAHERI,BAREILLY,23.97,23.98,19.02,1.85,69.3,7.73,0,1,Rohilkhand,32,11,6,6,28,17
2012,119,MEERGANJ,BAREILLY,26.93,19.19,31.23,2.13,66.39,9.13,0,1,Rohilkhand,32,11,6,6,28,17
2012,120,BHOJIPURA,BAREILLY,17.03,23.63,9.5,7.36,69.56,8.91,0,1,Rohilkhand,32,11,6,6,28,17
2012,121,NAWABGANJ,BAREILLY,10.71,35.58,26.17,3.33,73.06,9.68,0,1,Rohilkhand,32,11,6,6,28,17
2012,122,FARIDPUR,BAREILLY,25.41,35.09,20.91,1.84,64.73,9.68,0,1,Rohilkhand,32,11,6,6,28,17
2012,123,BITHARI CHAINPUR,BAREILLY,8.26,25.23,26.87,1.36,68.63,10.89,0,0,Rohilkhand,32,11,6,6,28,17
2012,124,BAREILLY CITY,BAREILLY,37.19,22.6,11.73,4.32,54.31,14.59,1,0,Rohilkhand,32,11,6,6,28,17
2012,125,BAREILLY CANTONMENT,BAREILLY,33.71,21.4,10.31,10.59,53.31,12.31,1,1,Rohilkhand,32,11,6,6,28,17
2012,126,AONLA,BAREILLY,30.85,28.17,24.96,9.55,66.3,15.41,1,0,Rohilkhand,32,11,6,6,28,17
2012,127,PILIBHIT,PILIBHIT,21.23,27.37,25.48,5.52,66.17,8.08,0,1,Rohilkhand,32,11,6,6,28,17
2012,128,BARKHERA,PILIBHIT,19.8,35.27,15.19,4.56,69.75,15.47,0,0,Rohilkhand,32,11,6,6,28,17
2012,129,PURANPUR,PILIBHIT,19.21,32.98,15.1,16.42,65.97,13.77,0,0,Rohilkhand,32,11,6,6,28,17
2012,130,BISALPUR,PILIBHIT,49.71,7,14.28,24.76,71.33,24.94,1,1,Rohilkhand,32,11,6,6,28,17
2012,131,KATRA,SHAHJAHANPUR,8.98,27.51,27.04,16.93,63.44,10.11,0,1,Rohilkhand,32,11,6,6,28,17
2012,132,JALALABAD,SHAHJAHANPUR,1.52,37.69,37.97,14.9,66.77,22.79,0,1,Rohilkhand,32,11,6,6,28,17
2012,133,TILHAR,SHAHJAHANPUR,3.52,30.82,36.28,18.93,65.57,15.41,0,0,Rohilkhand,32,11,6,6,28,17
2012,134,POWAYAN,SHAHJAHANPUR,15.13,28.78,24.5,24.3,65.3,11.92,0,0,Rohilkhand,32,11,6,6,28,17
2012,135,SHAHJAHANPUR,SHAHJAHANPUR,45,36.08,11,3.34,58.76,25.08,1,1,Rohilkhand,32,11,6,6,28,17
2012,136,DADRAUL,SHAHJAHANPUR,13.66,29.35,27.04,10.04,69.8,13.38,0,1,Rohilkhand,32,11,6,6,28,17
2012,137,PALIA,LAKHIMPUR KHERI,11.34,24.37,27.29,11.56,63.99,12.81,0,1,Doab/Awadh,14,14,10,11,24,27
2012,138,NIGHASAN,LAKHIMPUR KHERI,36.39,21.33,17.37,8,64.31,15.06,1,1,Doab/Awadh,14,14,10,11,24,27
2012,139,GOLA GOKRANNATH,LAKHIMPUR KHERI,3.88,37.04,28.35,27.35,64.68,23.47,0,1,Doab/Awadh,14,14,10,11,24,27
2012,140,SRINAGAR,LAKHIMPUR KHERI,12.68,37.46,20.35,6.55,64.81,17.11,0,0,Doab/Awadh,14,14,10,11,24,27
2012,141,DHAUREHRA,LAKHIMPUR KHERI,5.89,30.04,30.54,25.73,68.31,19.84,0,0,Doab/Awadh,14,14,10,11,24,27
2012,142,LAKHIMPUR,LAKHIMPUR KHERI,12.38,38.65,20.9,5.22,58.24,17.75,0,1,Doab/Awadh,14,14,10,11,24,27
2012,143,KASTA,LAKHIMPUR KHERI,7.36,45.29,31.55,8.57,66.98,22.98,0,1,Doab/Awadh,14,14,10,11,24,27
2012,144,MOHAMMADI,KHERI,14.52,23.19,28.86,11,65.12,8.67,0,1,Doab/Awadh,14,14,10,11,24,27
2012,145,MAHOLI,SITAPUR,2.96,40.04,29.6,13.36,67.26,16.24,0,0,Doab/Awadh,14,14,10,11,24,27
2012,146,SITAPUR,SITAPUR,22.36,29.68,24.44,13.01,57.49,9.35,0,1,Doab/Awadh,14,14,10,11,24,27
2012,147,HARGAON,SITAPUR,2.68,32.06,38.36,20.21,69.67,17.53,0,1,Doab/Awadh,14,14,10,11,24,27
2012,148,LAHARPUR,SITAPUR,6.23,24,37.08,27.96,65.72,17.77,0,1,Doab/Awadh,14,14,10,11,24,27
2012,149,BISWAN,SITAPUR,7.08,38.19,34.42,11.23,67.96,23.19,0,1,Doab/Awadh,14,14,10,11,24,27
2012,150,SEVATA,SITAPUR,1.47,28.08,22.24,26.69,66.9,12.33,0,1,Doab/Awadh,14,14,10,11,24,27
2012,151,MAHMUDABAD,SITAPUR,1.69,46.59,36.05,11.01,70.41,25.04,0,0,Doab/Awadh,14,14,10,11,24,27
2012,152,SIDHAULI,SITAPUR,3.56,36.65,33.35,15.3,66.63,18.05,0,1,Doab/Awadh,14,14,10,11,24,27
2012,153,MISRIKH,SITAPUR,9.26,32.76,31.94,18.18,58.87,13.77,0,1,Doab/Awadh,14,14,10,11,24,27
2012,154,SAWAIJPUR,HARDOI,17.86,16.63,23.32,3.4,61.71,7.73,0,1,Doab/Awadh,14,14,10,11,24,27
2012,155,SHAHABAD,HARDOI,6.41,44.27,38.79,5.6,65.03,32.38,0,0,Doab/Awadh,14,14,10,11,24,27
2012,156,HARDOI,HARDOI,1.83,54.6,32.93,7.94,59.24,24.99,0,0,Doab/Awadh,14,14,10,11,24,27
2012,157,GOPAMAU,HARDOI,1.94,36.7,33.32,17.08,60.48,16.24,0,0,Doab/Awadh,14,14,10,11,24,27
2012,158,SANDI,HARDOI,2.34,38.12,34.3,15.67,58.76,18.63,0,1,Doab/Awadh,14,14,10,11,24,27
2012,159,BILGRAM - MALANWAN,HARDOI,2.53,27.05,30.5,5.62,64.33,19.88,0,1,Doab/Awadh,14,14,10,11,24,27
2012,160,BALAMAU,HARDOI,1.54,38.24,38.14,6.81,54.74,30.41,0,1,Doab/Awadh,14,14,10,11,24,27
2012,161,SANDILA,HARDOI,0.79,43.87,33.95,3.57,62.47,25.63,0,1,Doab/Awadh,14,14,10,11,24,27
2012,162,BANGARMAU,UNNAO,13.51,31.14,27.33,13.09,60.17,13.82,0,1,Doab/Awadh,14,14,10,11,24,27
2012,163,SAFIPUR,UNNAO,8.03,42.9,37.57,7.44,58.73,29.54,0,1,Doab/Awadh,14,14,10,11,24,27
2012,164,MOHAN,UNNAO,21.02,16.88,25.98,10.09,64.35,6.69,0,0,Doab/Awadh,14,14,10,11,24,27
2012,165,UNNAO,UNNAO,28.28,33.85,26.55,5.87,57.45,20.68,0,1,Doab/Awadh,14,14,10,11,24,27
2012,166,BHAGWANT NAGAR,UNNAO,21.99,33.45,20.74,13.44,57.25,11.47,0,1,Doab/Awadh,14,14,10,11,24,27
2012,167,PURWA,UNNAO,11.28,40.94,27.51,14.39,59.78,13.43,0,1,Doab/Awadh,14,14,10,11,24,27
2012,168,MALIHABAD,LUCKNOW,1.64,31.17,26.59,2.69,65.35,23.89,0,1,Doab/Awadh,14,14,10,11,24,27
2012,169,BAKSHI KAA TALAB,LUCKNOW,4.57,36.76,35.88,12.25,67.09,23.63,0,1,Doab/Awadh,14,14,10,11,24,27
2012,170,SAROJINI NAGAR,LUCKNOW,12.61,28.88,25.3,9.4,59.17,8.3,0,0,Doab/Awadh,14,14,10,11,24,27
2012,171,LUCKNOW WEST,LUCKNOW,24.86,29.47,15.95,21.37,49.77,13.71,0,1,Doab/Awadh,14,14,10,11,24,27
2012,172,LUCKNOW NORTH,LUCKNOW,26.73,28.11,13.53,26.8,50.25,13.2,0,0,Doab/Awadh,14,14,10,11,24,27
2012,173,LUCKNOW EAST,LUCKNOW,36.31,25.31,14.82,18.61,53.11,13.57,1,0,Doab/Awadh,14,14,10,11,24,27
2012,174,LUCKNOW CENTRAL,LUCKNOW,23.6,37.05,14.17,21.08,50.91,13.52,0,1,Doab/Awadh,14,14,10,11,24,27
2012,175,LUCKNOW CANTONMENT,LUCKNOW,25.51,13.93,17.82,38.95,50.47,13.51,0,1,Doab/Awadh,14,14,10,11,24,27
2012,176,MOHANLALGANJ,LUCKNOW,3.72,33.48,22.15,7.22,64.72,11.33,0,0,Doab/Awadh,14,14,10,11,24,27
2012,177,BACHHRAWAN,RAE BARELI,2.88,32.43,13.95,15.96,62.9,15.21,0,0,Doab/Awadh,14,14,10,11,24,27
2012,178,TILOI,CHHATRAPATHI SHAHUJI MAHARAJ GAR,11.84,31.65,12.99,33.12,59.16,18.66,0,1,Doab/Awadh,14,14,10,11,24,27
2012,179,HARCHANDPUR,RAE BARELI,4.53,31.09,16.08,22.49,59.81,11.55,0,0,Doab/Awadh,14,14,10,11,24,27
2012,180,RAE BARELI,RAE BARELI,2.07,24.22,9.89,18.74,60.11,15.5,0,1,Doab/Awadh,14,14,10,11,24,27
2012,181,SALON,CHHATRAPATHI SHAHUJI MAHARAJ GAR,11.06,40.28,13.46,28.27,55.33,14.81,0,1,Doab/Awadh,14,14,10,11,24,27
2012,182,SARENI,RAE BARELI,3.98,33.06,26.13,25.52,58.57,20.28,0,1,Doab/Awadh,14,14,10,11,24,27
2012,183,UNCHAHAR,RAE BARELI,2.02,33.18,31.8,25.66,64.82,23.62,0,1,Doab/Awadh,14,14,10,11,24,27
2012,184,JAGDISHPUR,CHHATRAPATHI SHAHUJI MAHARAJ GAR,14.07,29.43,18.88,32.55,53.78,12.23,0,0,Doab/Awadh,14,14,10,11,24,27
2012,185,GAURIGANJ,CHHATRAPATHI SHAHUJI MAHARAJ GAR,19.19,24.36,17.08,24.08,58.76,11.34,0,0,Doab/Awadh,14,14,10,11,24,27
2012,186,AMETHI,CHHATRAPATHI SHAHUJI MAHARAJ GAR,5.28,35.84,21.7,30.47,55.05,16.41,0,1,Doab/Awadh,14,14,10,11,24,27
2012,187,ISAULI,BADAUN,6.72,28.61,14.17,3.52,56.06,8.17,0,0,Rohilkhand,32,11,6,6,28,17
2012,188,SULTANPUR,SULTANPUR,11.84,31.91,28.15,5.62,57.29,10.24,0,1,Doab/Awadh,14,14,10,11,24,27
2012,189,SADAR,SULTANPUR,14.57,42.97,30.48,4.29,59.64,15.91,0,0,Doab/Awadh,14,14,10,11,24,27
2012,190,LAMBHUA,SULTANPUR,3.63,41.25,31.61,13.61,59.68,18,0,0,Doab/Awadh,14,14,10,11,24,27
2012,191,KADIPUR,SULTANPUR,4.6,51.4,31.26,6.3,59.21,24.96,0,1,Doab/Awadh,14,14,10,11,24,27
2012,192,KAIMGANJ,FARRUKHABAD,17.62,28.79,16.32,10.15,58.79,11.17,0,0,Doab/Awadh,14,14,10,11,24,27
2012,193,AMRITPUR,FARRUKHABAD,18.48,32.13,13,9.24,58.89,11.97,0,1,Doab/Awadh,14,14,10,11,24,27
2012,194,FARRUKHABAD,FARRUKHABAD,18.86,14.91,16.85,13.16,55.12,5.1,0,0,Doab/Awadh,14,14,10,11,24,27
2012,195,BHOJPUR,FARRUKHABAD,16.22,29.97,12.89,12.3,59.91,10.81,0,0,Doab/Awadh,14,14,10,11,24,27
2012,196,CHHIBRAMAU,KANNAUJ,27.53,31.34,30.26,4.31,57.68,23.22,0,1,Doab/Awadh,14,14,10,11,24,27
2012,197,TIRWA,KANNAUJ,17.26,41.9,24.53,6.56,57.27,17.37,0,1,Doab/Awadh,14,14,10,11,24,27
2012,198,KANNAUJ,KANNAUJ,20.34,46.11,24.1,2.35,57.28,22.01,0,0,Doab/Awadh,14,14,10,11,24,27
2012,199,JASWANTNAGAR,ETAWAH,5.89,61.9,24.32,3.83,64.21,37.58,0,1,Doab/Awadh,14,14,10,11,24,27
2012,200,ETAWAH,ETAWAH,13.83,37.37,34.25,6.26,58.97,20.41,0,0,Doab/Awadh,14,14,10,11,24,27
2012,201,BHARTHANA,ETAWAH,17.29,41.06,32.48,2.95,57.3,15.19,0,0,Doab/Awadh,14,14,10,11,24,27
2012,202,BIDHUNA,AURAIYA,21.94,36.11,27.06,11.28,60.3,10.67,0,0,Doab/Awadh,14,14,10,11,24,27
2012,203,DIBIYAPUR,AURAIYA,17.79,43.35,29.65,2.56,61.91,15.24,0,0,Doab/Awadh,14,14,10,11,24,27
2012,204,AURAIYA,AURAIYA,24.53,36.49,29.56,2.18,57.66,22.33,0,0,Doab/Awadh,14,14,10,11,24,27
2012,205,RASULABAD,RAMABAI NAGAR,14.72,39.46,29.53,7.7,59.71,14.81,0,0,Doab/Awadh,14,14,10,11,24,27
2012,206,AKBARPUR - RANIYA,RAMABAI NAGAR,10.53,37.12,36.46,11.75,64.77,24.71,0,1,Doab/Awadh,14,14,10,11,24,27
2012,207,SIKANDRA,RAMABAI NAGAR,28.68,25.38,29.88,7.97,61.44,17.4,0,0,Doab/Awadh,14,14,10,11,24,27
2012,208,BHOGNIPUR,RAMABAI NAGAR,4.74,29.31,26.94,17.73,64.27,9.21,0,0,Doab/Awadh,14,14,10,11,24,27
2012,209,BILAUR,KANPUR GRAMEEN,11.84,40.82,33.36,10.53,61.48,21.51,0,0,Doab/Awadh,14,14,10,11,24,27
2012,210,BITHOOR,KANPUR GRAMEEN,8.77,29.82,29.49,25.3,62.19,16.53,0,1,Doab/Awadh,14,14,10,11,24,27
2012,211,KALYANPUR,KANPUR GRAMEEN,28.38,29.97,25.34,13.19,49.37,12.81,0,1,Doab/Awadh,14,14,10,11,24,27
2012,212,GOVIND NAGAR,KANPUR GRAMEEN,35.33,10.15,19.14,27.68,49.2,9.23,1,0,Doab/Awadh,14,14,10,11,24,27
2012,213,SISAMAU,KANPUR NAGAR,27.5,42.17,11.83,16.44,51.95,14.68,0,1,Doab/Awadh,14,14,10,11,24,27
2012,214,ARYANAGAR,KANPUR NAGAR,40.73,28.47,10.18,15.39,49.78,13.08,1,1,Doab/Awadh,14,14,10,11,24,27
2012,215,KIDWAI NAGAR,KANPUR NAGAR,34.68,12.74,12.68,35.82,54.38,21.94,0,1,Doab/Awadh,14,14,10,11,24,27
2012,216,KANPUR CANTONMENT,KANPUR NAGAR,29.48,23.03,18.15,21.56,48.46,14.43,1,0,Doab/Awadh,14,14,10,11,24,27
2012,217,MAHARAJPUR,KANPUR NAGAR,37.99,23.57,24.34,7.74,56.15,15.83,1,1,Doab/Awadh,14,14,10,11,24,27
2012,218,GHATAMPUR,KANPUR NAGAR,13.22,28.54,28.15,24.09,58.23,12.23,0,0,Doab/Awadh,14,14,10,11,24,27
2012,219,MADHOGARH,JALAUN,18.26,20.04,28.54,15.07,61.58,8.5,0,1,Bundelkhand,7,16,9,12,31,25
2012,220,KALPI,JALAUN,6.65,23.43,25.9,28.89,62.76,16.78,0,0,Bundelkhand,7,16,9,12,31,25
2012,221,ORAI,JALAUN,19.1,28.34,25.34,13.46,57.71,8.08,0,0,Bundelkhand,7,16,9,12,31,25
2012,222,BABINA,JHANSI,22.22,30.69,34.18,6.44,68.78,15.78,0,0,Bundelkhand,7,16,9,12,31,25
2012,223,JHANSI NAGAR,JHANSI,31.36,18.52,27.58,17.34,57.03,16.46,1,0,Bundelkhand,7,16,9,12,31,25
2012,224,MAURANIPUR,JHANSI,20.58,29.1,26.25,18.15,64.69,16.21,0,0,Bundelkhand,7,16,9,12,31,25
2012,225,GARAUTHA,JHANSI,9.21,33.72,26.11,21.66,66.11,12.46,0,0,Bundelkhand,7,16,9,12,31,25
2012,226,LALITPUR,LALITPUR,19.82,24.94,29.06,11.02,70.36,8.79,0,0,Bundelkhand,7,16,9,12,31,25
2012,227,MEHRONI,LALITPUR,25.29,24.6,25.93,14.85,75.14,13.04,0,0,Bundelkhand,7,16,9,12,31,25
2012,228,HAMIRPUR,HAMIRPUR,27.59,21.01,24.21,13.17,59.95,7.84,1,1,Bundelkhand,7,16,9,12,31,25
2012,229,RATH,HAMIRPUR,6.23,24.46,19.94,40.48,58.59,16.02,0,0,Bundelkhand,7,16,9,12,31,25
2012,230,MAHOBA,MAHOBA,17.39,24.98,25.19,23.31,62.43,15.04,0,0,Bundelkhand,7,16,9,12,31,25
2012,231,CHARKHARI,MAHOBA,34.77,21.64,21.5,11.71,61.35,13.13,1,0,Bundelkhand,7,16,9,12,31,25
2012,232,TINDWARI,BANDA,5.41,28.44,23.23,37.69,57.6,17.82,0,0,Bundelkhand,7,16,9,12,31,25
2012,233,BABERU,BANDA,16.34,24.24,23.57,19.25,56.15,11.14,0,0,Bundelkhand,7,16,9,12,31,25
2012,234,NARAINI,BANDA,21.97,27.39,30.14,11.79,58.6,10.18,0,0,Bundelkhand,7,16,9,12,31,25
2012,235,BANDA,BANDA,16.25,16.03,27.16,32.1,54.81,14.59,0,1,Bundelkhand,7,16,9,12,31,25
2012,236,CHITRAKOOT,CHITRAKOOT,17.82,35.78,26.93,10.37,60.55,9.11,0,0,Bundelkhand,7,16,9,12,31,25
2012,237,MANIKPUR,CHITRAKOOT,18.2,24.13,26.35,13.83,60.18,10.97,0,0,Bundelkhand,7,16,9,12,31,25
2012,238,JAHANABAD,FATEHPUR,2.4,44.41,24.03,6.61,62.73,20.38,0,1,Doab/Awadh,14,14,10,11,24,27
2012,239,BINDKI,FATEHPUR,23.37,19.42,27.9,16.98,61.47,11.41,0,1,Doab/Awadh,14,14,10,11,24,27
2012,240,FATEHPUR,FATEHPUR,23.78,26.77,24.74,16.2,58.89,14.82,0,1,Doab/Awadh,14,14,10,11,24,27
2012,241,AYAH SHAH,FATEHPUR,11.15,26.2,33.8,21.86,58.95,10.7,0,1,Doab/Awadh,14,14,10,11,24,27
2012,242,HUSAINGANJ,FATEHPUR,22.54,18.41,26.11,24.44,62.5,16.13,0,1,Doab/Awadh,14,14,10,11,24,27
2012,243,KHAGA,FATEHPUR,33.68,11.87,22.92,4.7,57.68,10.76,1,1,Doab/Awadh,14,14,10,11,24,27
2012,244,RAMPUR KHAS,PRATAPGARH,1.32,13.04,28.5,49.4,53.15,20.9,0,1,Purvanchal,12,15,8,16,26,23
2012,245,BABAGANJ,PRATAPGARH,1.78,0,19.38,18.43,49.9,29.9,0,0,Purvanchal,12,15,8,16,26,23
2012,246,KUNDA,PRATAPGARH,2.14,0,14.12,8.75,51.96,53.84,0,1,Purvanchal,12,15,8,16,26,23
2012,247,BISHWAVNATHGANJ,PRATAPGARH,7.85,27.05,21.99,8.82,51.88,9.73,0,0,Purvanchal,12,15,8,16,26,23
2012,248,PRATAPGARH,PRATAPGARH,15.2,25.95,21.5,4.61,54.91,9.79,0,1,Purvanchal,12,15,8,16,26,23
2012,249,PATTI,PRATAPGARH,32.2,32.28,27.51,1.55,58.46,25.96,0,1,Purvanchal,12,15,8,16,26,23
2012,250,RANIGANJ,PRATAPGARH,10.36,38.96,31.17,2.14,54.18,20.81,0,0,Purvanchal,12,15,8,16,26,23
2012,251,SIRATHU,KAUSHAMBI,30.26,16.88,25.11,10.91,58.88,8.23,1,0,Purvanchal,12,15,8,16,26,23
2012,252,MANJHANPUR,KAUSHAMBI,1.83,41.63,43.64,7.69,59.47,33.94,0,1,Purvanchal,12,15,8,16,26,23
2012,253,CHAIL,KAUSHAMBI,2.53,29.93,30.65,8.14,53.79,17.76,0,0,Purvanchal,12,15,8,16,26,23
2012,254,PHAPHAMAU,ALLAHABAD,9.61,29.17,26.2,3.12,57.75,13.98,0,1,Purvanchal,12,15,8,16,26,23
2012,255,SORAON,ALLAHABAD,3.29,32.88,25.73,11.85,58.76,10.64,0,1,Purvanchal,12,15,8,16,26,23
2012,256,PHULPUR,ALLAHABAD,6.38,38.75,34.55,3.41,59.91,26.22,0,1,Purvanchal,12,15,8,16,26,23
2012,257,PRATAPPUR,ALLAHABAD,2.38,34.18,27.18,13.65,57.42,13.54,0,1,Purvanchal,12,15,8,16,26,23
2012,258,HANDIA,ALLAHABAD,1.63,48.51,17.51,2.95,57.07,24.88,0,1,Purvanchal,12,15,8,16,26,23
2012,259,MEJA,ALLAHABAD,3.71,28.4,27.93,6.66,56.02,13.65,0,1,Purvanchal,12,15,8,16,26,23
2012,260,KARACHHANA,ALLAHABAD,4.54,37.88,38.1,3.34,58.69,31.22,0,0,Purvanchal,12,15,8,16,26,23
2012,261,ALLAHABAD WEST,ALLAHABAD,5.49,10.64,40.11,2.78,51.74,24.46,0,1,Purvanchal,12,15,8,16,26,23
2012,262,ALLAHABAD NORTH,ALLAHABAD,24.1,8.56,26.66,37.75,40.89,15.55,0,1,Purvanchal,12,15,8,16,26,23
2012,263,ALLAHABAD SOUTH,ALLAHABAD,22.85,29.44,29.16,13.08,45.05,10.28,0,1,Purvanchal,12,15,8,16,26,23
2012,264,BARA,ALLAHABAD,10.27,26.75,24.58,11.63,59.07,9.69,0,0,Purvanchal,12,15,8,16,26,23
2012,265,KORAON,ALLAHABAD,16.91,13.88,24.79,5.45,61.66,7.13,0,1,Purvanchal,12,15,8,16,26,23
2012,266,KURSI,BARABANKI,14.56,34.17,23.97,7.21,67.47,10.2,0,1,Doab/Awadh,14,14,10,11,24,27
2012,267,RAM NAGAR,BARABANKI,3.69,38.38,22.41,18.47,67.9,15.97,0,1,Doab/Awadh,14,14,10,11,24,27
2012,268,BARABANKI,BARABANKI,7.01,38.68,27.99,11.13,64.17,16.86,0,0,Doab/Awadh,14,14,10,11,24,27
2012,269,ZAIDPUR,BARABANKI,7.86,33.79,23.66,22.87,66.28,15.01,0,0,Doab/Awadh,14,14,10,11,24,27
2012,270,DARIYABAD,BARABANKI,4.81,35.7,27.26,24.2,65.77,19.4,0,1,Doab/Awadh,14,14,10,11,24,27
2012,271,RUDAULI,FAIZABAD,32.66,32.16,18.34,7.25,60.55,13.82,1,1,Doab/Awadh,14,14,10,11,24,27
2012,272,HAIDERGARH,BARABANKI,21.69,33.62,27.49,8.81,59.03,12.88,0,0,Doab/Awadh,14,14,10,11,24,27
2012,273,MILKIPUR,FAIZABAD,18.87,42.24,22.65,9.53,55.47,19.6,0,1,Doab/Awadh,14,14,10,11,24,27
2012,274,BIKAPUR,FAIZABAD,6.78,27.38,26.45,0,60.66,8.74,0,0,Doab/Awadh,14,14,10,11,24,27
2012,275,AYODHYA,FAIZABAD,25.93,28.74,17.41,5.05,60.71,8.52,0,1,Doab/Awadh,14,14,10,11,24,27
2012,276,GOSHAINGANJ,FAIZABAD,2.18,58.45,30.39,3.57,60.49,28.06,0,0,Doab/Awadh,14,14,10,11,24,27
2012,277,KATEHARI,AMBEDKAR NAGAR,4.35,46.82,38.1,5.89,60.96,32.22,0,1,Doab/Awadh,14,14,10,11,24,27
2012,278,TANDA,AMBEDKAR NAGAR,2.79,47.3,31.66,9.35,64.11,22.32,0,0,Doab/Awadh,14,14,10,11,24,27
2012,279,ALAPUR,AMBEDKAR NAGAR,5.97,48.15,30.04,6.99,58.28,23.06,0,1,Doab/Awadh,14,14,10,11,24,27
2012,280,JALALPUR,AMBEDKAR NAGAR,6.06,41.93,33.82,3.84,61.7,24.49,0,1,Doab/Awadh,14,14,10,11,24,27
2012,281,AKBARPUR,AMBEDKAR NAGAR,1.89,51.31,36.51,4.11,66.11,32.39,0,0,Doab/Awadh,14,14,10,11,24,27
2012,282,BALHA,BAHRAICH,33.19,19.79,21.95,11.84,60.97,11.25,1,1,Doab/Awadh,14,14,10,11,24,27
2012,283,NANPARA,BAHRAICH,9.68,14.1,25.91,28.54,58.78,11.82,0,1,Doab/Awadh,14,14,10,11,24,27
2012,284,MATERA,BAHRAICH,18.19,26.18,17.34,24.43,60.06,11.6,0,0,Doab/Awadh,14,14,10,11,24,27
2012,285,MAHSI,BAHRAICH,23.5,22.93,25.04,19.79,61.86,18.09,0,1,Doab/Awadh,14,14,10,11,24,27
2012,286,BAHRAICH,BAHRAICH,18.78,29.51,16.31,20.5,56.21,9.63,0,1,Doab/Awadh,14,14,10,11,24,27
2012,287,PAYAGPUR,BAHRAICH,11.84,17.73,20.37,34.82,61.62,14.45,0,0,Doab/Awadh,14,14,10,11,24,27
2012,288,KAISERGANJ,BAHRAICH,24.26,20.52,20.11,8.67,57.72,8.97,1,0,Doab/Awadh,14,14,10,11,24,27
2012,289,BHINGA,SHRAVASTI,21.97,31.72,10.73,28.41,64.5,11.23,0,0,Doab/Awadh,14,14,10,11,24,27
2012,290,SHRAWASTI,SHRAVASTI,18.3,34.29,28.61,6.82,58.45,11.47,0,0,Doab/Awadh,14,14,10,11,24,27
2012,291,TULSIPUR,BALRAMPUR,5.8,39.35,19.58,18.61,51.96,19.77,0,1,Doab/Awadh,14,14,10,11,24,27
2012,292,GAINSARI,BALRAMPUR,19.45,33.75,19.65,13.87,56.15,14.1,0,1,Doab/Awadh,14,14,10,11,24,27
2012,293,UTRAULA,BALRAMPUR,19.36,24.04,23.44,3.78,46.95,13.9,0,1,Doab/Awadh,14,14,10,11,24,27
2012,294,BALRAMPUR,BALRAMPUR,17.74,28.97,17.65,13.24,45.64,11.23,0,0,Doab/Awadh,14,14,10,11,24,27
2012,295,MEHNAUN,GONDA,4.8,40.05,21.58,4.69,56.15,18.46,0,1,Doab/Awadh,14,14,10,11,24,27
2012,296,GONDA,GONDA,28.3,37.2,11.74,2.6,56.06,13.93,0,0,Doab/Awadh,14,14,10,11,24,27
2012,297,KATRABAZAR,GONDA,33.32,26.06,29.78,3.37,60.95,22.69,1,0,Doab/Awadh,14,14,10,11,24,27
2012,298,COLONELGANJ,GONDA,5.8,43.37,35.86,5.82,55.18,30.04,0,0,Doab/Awadh,14,14,10,11,24,27
2012,299,TARABGANJ,GONDA,21.46,28.16,25.37,8.29,57.64,13.16,0,0,Doab/Awadh,14,14,10,11,24,27
2012,300,MANKAPUR,GONDA,4.33,50.17,32.77,3.39,54.1,28.44,0,1,Doab/Awadh,14,14,10,11,24,27
2012,301,GAURA,GONDA,20.22,26.1,19.82,21.77,56.13,14.78,0,0,Doab/Awadh,14,14,10,11,24,27
2012,302,SHOHRATGARH,SIDDHARTH NAGAR,9.83,31,20.34,11.63,53.8,10.66,0,1,Purvanchal,12,15,8,16,26,23
2012,303,KAPILVASTU,SIDDHARTH NAGAR,21.81,41.19,16.93,6.07,49.56,19.39,0,0,Purvanchal,12,15,8,16,26,23
2012,304,BANSI,SIDDHARTH NAGAR,28.1,26.38,21.62,7.17,52.16,13.18,1,1,Purvanchal,12,15,8,16,26,23
2012,305,ITWA,SIDDHARTH NAGAR,10.86,31.36,23.38,22.98,52.12,12.12,0,1,Purvanchal,12,15,8,16,26,23
2012,306,DOMARIAGANJ,SIDDHARTH NAGAR,14.26,23.49,24.24,5.08,51.49,9.23,0,0,Purvanchal,12,15,8,16,26,23
2012,307,HARRAIYA,BASTI,5.47,43.33,32.91,13.14,59,19.77,0,1,Purvanchal,12,15,8,16,26,23
2012,308,CAPTAINGANJ,BASTI,3.07,30.13,36.05,24.94,59.66,21.87,0,1,Purvanchal,12,15,8,16,26,23
2012,309,RUDHAULI,BASTI,12.99,18.94,24.67,27.55,56.97,7.64,0,1,Purvanchal,12,15,8,16,26,23
2012,310,BASTI SADAR,BASTI,17.72,12.89,29.25,18.76,58.29,11.13,0,1,Purvanchal,12,15,8,16,26,23
2012,311,MAHADEVA,BASTI,5.96,45.84,35.23,4.35,56.84,29.27,0,0,Purvanchal,12,15,8,16,26,23
2012,312,MEHNDAWAL,SANT KABIR NAGAR,14.71,27.04,15.99,10.1,51.56,7.75,0,0,Purvanchal,12,15,8,16,26,23
2012,313,KHALILABAD,SANT KABIR NAGAR,21.06,13.44,24.39,4.28,54.2,9.16,0,0,Purvanchal,12,15,8,16,26,23
2012,314,DHANGHATA,SANT KABIR NAGAR,21.7,35.55,27.54,4.98,55.3,16.52,0,0,Purvanchal,12,15,8,16,26,23
2012,315,PHARENDA,MAHARAJGANJ,26.28,14.26,18.68,18.97,59.98,11.62,1,1,Purvanchal,12,15,8,16,26,23
2012,316,NAUTANWA,MAHARAJGANJ,3.23,36.41,10.95,40.56,61.56,25.46,0,0,Purvanchal,12,15,8,16,26,23
2012,317,SISWA,MAHARAJGANJ,17.37,25.12,15.05,1.58,63,7.75,0,0,Purvanchal,12,15,8,16,26,23
2012,318,MAHARAJGANJ,MAHARAJGANJ,20.95,39.11,22.39,7.38,61.27,16.72,0,0,Purvanchal,12,15,8,16,26,23
2012,319,PANIARA,MAHARAJGANJ,24.63,18.59,26.56,16.78,58.33,14.74,0,0,Purvanchal,12,15,8,16,26,23
2012,320,CAIMPIYARGANJ,GORAKHPUR,7.54,32.07,15.29,1.22,58.33,16.77,0,1,Purvanchal,12,15,8,16,26,23
2012,321,PIPRAICH,GORAKHPUR,14.81,43.5,25.68,2.23,59.72,17.82,0,0,Purvanchal,12,15,8,16,26,23
2012,322,GORAKHPUR URBAN,GORAKHPUR,49.19,20.42,14.43,6.77,46.19,28.76,1,1,Purvanchal,12,15,8,16,26,23
2012,323,GORAKHPUR RURAL,GORAKHPUR,31.31,22.27,21.99,9.38,55.18,12.61,1,1,Purvanchal,12,15,8,16,26,23
2012,324,SAHAJANWA,GORAKHPUR,22.37,12.18,29.42,2.36,56.1,10.14,0,1,Purvanchal,12,15,8,16,26,23
2012,325,KHAJANI,GORAKHPUR,35.09,18.27,29.37,5.49,50.75,12.77,1,0,Purvanchal,12,15,8,16,26,23
2012,326,CHAURI-CHAURA,GORAKHPUR,13.27,17.14,29.28,3.42,53.56,12.14,0,1,Purvanchal,12,15,8,16,26,23
2012,327,BANSGAON,GORAKHPUR,16.35,30.1,35.64,8.09,45.84,13.76,0,0,Purvanchal,12,15,8,16,26,23
2012,328,CHILLUPAR,GORAKHPUR,8.02,25.23,30.81,2.08,49.98,14.57,0,1,Purvanchal,12,15,8,16,26,23
2012,329,KHADDA,KUSHINAGAR,8.18,20.68,17.55,21.94,60.68,4.84,0,0,Purvanchal,12,15,8,16,26,23
2012,330,PADRAUNA,KUSHINAGAR,16.98,14.72,22.4,18.07,58.2,12.07,0,0,Purvanchal,12,15,8,16,26,23
2012,331,TAMKUHI RAJ,KUSHINAGAR,24.05,20.23,13.31,27.03,56.42,6.92,0,0,Purvanchal,12,15,8,16,26,23
2012,332,FAZILNAGAR,KUSHINAGAR,26.74,23.23,23.8,11.26,54.98,11.97,1,1,Purvanchal,12,15,8,16,26,23
2012,333,KUSHINAGAR,KUSHINAGAR,9.18,37.13,23.9,10.74,55.24,13.23,0,0,Purvanchal,12,15,8,16,26,23
2012,334,HATA,KUSHINAGAR,5.07,30.02,21.02,3.56,56.81,9.72,0,0,Purvanchal,12,15,8,16,26,23
2012,335,RAMKOLA,KUSHINAGAR,19.17,30.19,17.74,8.75,54.45,11.02,0,0,Purvanchal,12,15,8,16,26,23
2012,336,RUDRAPUR,DEORIA,20.21,21.56,19.43,26.36,51.73,13.56,0,0,Purvanchal,12,15,8,16,26,23
2012,337,DEORIA,DEORIA,33.88,17.72,19.86,15.28,51,14.02,1,1,Purvanchal,12,15,8,16,26,23
2012,338,PATHARDEVA,DEORIA,30.47,32.98,17.18,4.33,55.59,13.29,0,0,Purvanchal,12,15,8,16,26,23
2012,339,RAMPUR KARKHANA,DEORIA,9.82,29.17,13.53,3.89,52.73,11.62,0,0,Purvanchal,12,15,8,16,26,23
2012,340,BHATPAR RANI,DEORIA,7.21,35.57,26.09,12.29,52.03,13.8,0,1,Purvanchal,12,15,8,16,26,23
2012,341,SALEMPUR,DEORIA,22.39,33.79,20.19,7.13,45.93,13.07,0,0,Purvanchal,12,15,8,16,26,23
2012,342,BARHAJ,DEORIA,6,42.41,34.81,3.79,53.87,28.81,0,0,Purvanchal,12,15,8,16,26,23
2012,343,ATRAULIA,AZAMGARH,0,52.3,28.9,2.7,57.6,24.11,0,1,Purvanchal,12,15,8,16,26,23
2012,344,GOPALPUR,AZAMGARH,6.79,47.66,29.17,4.29,54.14,22.38,0,0,Purvanchal,12,15,8,16,26,23
2012,345,SAGRI,AZAMGARH,4.67,35.97,30.04,18.86,53.15,14.19,0,0,Purvanchal,12,15,8,16,26,23
2012,346,MUBARAKPUR,AZAMGARH,21.59,24.25,29.25,9.78,58.65,11.81,0,0,Purvanchal,12,15,8,16,26,23
2012,347,AZAMGARH,AZAMGARH,4.62,50.42,33.49,3.58,54.41,28.87,0,1,Purvanchal,12,15,8,16,26,23
2012,348,NIZAMABAD,AZAMGARH,14.57,42.24,26.48,4.04,52.15,15.76,0,0,Purvanchal,12,15,8,16,26,23
2012,349,PHOOLPUR PAWAI,AZAMGARH,14.39,28.91,28.38,15.37,56.81,13.01,0,0,Purvanchal,12,15,8,16,26,23
2012,350,DIDARGANJ,AZAMGARH,1.81,36.56,35.3,1.38,54.61,17.6,0,1,Purvanchal,12,15,8,16,26,23
2012,351,LALGANJ,AZAMGARH,15.23,36.27,30.1,7.66,50.2,14.88,0,0,Purvanchal,12,15,8,16,26,23
2012,352,MEHNAGAR,AZAMGARH,19.22,33.6,27.83,3.59,50.29,15.47,0,1,Purvanchal,12,15,8,16,26,23
2012,353,MADHUBAN,MAU,0,27.14,27.88,14.26,54.27,12.88,0,1,Purvanchal,12,15,8,16,26,23
2012,354,GHOSI,MAU,0,35.48,28,1.68,56.57,12.1,0,1,Purvanchal,12,15,8,16,26,23
2012,355,MOHAMMADABAD GOHNA,MAU,15.71,28.91,27.19,13.5,54.86,11.48,0,0,Purvanchal,12,15,8,16,26,23
2012,356,MAU,MAU,4.4,24.12,28.61,2.41,58.25,19.72,0,0,Purvanchal,12,15,8,16,26,23
2012,357,BELTHARA ROAD,BALLIA,8.6,33.56,27.53,1.27,54.67,12.21,0,0,Purvanchal,12,15,8,16,26,23
2012,358,RASRA,BALLIA,11.34,17.53,46.82,1.29,58.97,29.29,0,1,Purvanchal,12,15,8,16,26,23
2012,359,SIKANDERPUR,BALLIA,8.39,36.72,18.74,16.04,54.95,17.98,0,0,Purvanchal,12,15,8,16,26,23
2012,360,PHEPHANA,BALLIA,30.14,25.78,17.09,1.79,55.53,15.29,1,1,Purvanchal,12,15,8,16,26,23
2012,361,BALLIA NAGAR,BALLIA,5.59,34.74,16.08,10.4,48.65,14.83,0,0,Purvanchal,12,15,8,16,26,23
2012,362,BANSDIH,BALLIA,15.11,26.94,12.58,11.27,53.8,11.83,0,1,Purvanchal,12,15,8,16,26,23
2012,363,BAIRIA,BALLIA,31.74,32.13,22.17,3.93,44.32,18.25,0,0,Purvanchal,12,15,8,16,26,23
2012,364,BADLAPUR,JAUNPUR,6.74,37.04,27.85,11.63,55.49,16.22,0,0,Purvanchal,12,15,8,16,26,23
2012,365,SHAHGANJ,JAUNPUR,18.46,38.1,32.87,3.11,58.18,15.35,0,1,Purvanchal,12,15,8,16,26,23
2012,366,JAUNPUR,JAUNPUR,15.49,23.89,24.84,25.46,54.92,11.36,0,1,Purvanchal,12,15,8,16,26,23
2012,367,MALHANI,JAUNPUR,0,42.17,23.69,0,57.99,22.14,0,0,Purvanchal,12,15,8,16,26,23
2012,368,MUNGRA BADSHAHPUR,JAUNPUR,26.83,22.53,23.58,0,55.75,18.81,1,0,Purvanchal,12,15,8,16,26,23
2012,369,MACHHLISHAHR,JAUNPUR,14.37,44.06,31.01,3.96,52.43,16.64,0,0,Purvanchal,12,15,8,16,26,23
2012,370,MARIAHU,JAUNPUR,8.93,33.61,26.08,3.68,54.64,12.64,0,0,Purvanchal,12,15,8,16,26,23
2012,371,ZAFRABAD,JAUNPUR,16.13,30.66,27.87,8.54,54.54,11.73,0,1,Purvanchal,12,15,8,16,26,23
2012,372,KERAKAT,JAUNPUR,20.72,32.36,27.47,7.89,51.38,12.83,0,1,Purvanchal,12,15,8,16,26,23
2012,373,JAKHANIA,GHAZIPUR,0,35.83,28.31,4.86,54.67,15.12,0,0,Purvanchal,12,15,8,16,26,23
2012,374,SAIDPUR,GHAZIPUR,3.66,48.6,26.09,4.76,56.79,22.5,0,0,Purvanchal,12,15,8,16,26,23
2012,375,GHAZIPUR,GHAZIPUR,22.15,26.41,26.28,1.15,61.59,18.22,0,0,Purvanchal,12,15,8,16,26,23
2012,376,JANGIPUR,GHAZIPUR,5.4,38.87,33.77,4.09,59.68,22.17,0,0,Purvanchal,12,15,8,16,26,23
2012,377,ZAHOORABAD,GHAZIPUR,2.78,33.02,27.86,7.38,58.62,16.7,0,0,Purvanchal,12,15,8,16,26,23
2012,378,MOHAMMADABAD,GHAZIPUR,6.57,29.12,24.55,3.1,55.51,17.99,0,1,Purvanchal,12,15,8,16,26,23
2012,379,ZAMANIA,GHAZIPUR,2.4,41.52,26.86,1.76,54.96,18.89,0,0,Purvanchal,12,15,8,16,26,23
2012,380,MUGHALSARAI,CHANDAULI,22.53,23.3,31.54,8.47,59.19,14.06,0,0,Purvanchal,12,15,8,16,26,23
2012,381,SAKALDIHA,CHANDAULI,4.16,32.31,23.19,1.43,62.6,19.03,0,0,Purvanchal,12,15,8,16,26,23
2012,382,SAIYADRAJA,CHANDAULI,2.43,11.41,23.34,1.88,58.89,11.92,0,0,Purvanchal,12,15,8,16,26,23
2012,383,CHAKIA,CHANDAULI,7.37,43.73,39.57,2.44,62.47,32.2,0,1,Purvanchal,12,15,8,16,26,23
2012,384,PINDRA,VARANASI,1.84,13.85,24.2,29.31,56.39,12.01,0,0,Purvanchal,12,15,8,16,26,23
2012,385,AJAGARA,VARANASI,12.27,31.23,32.35,5.94,60.05,18.96,0,0,Purvanchal,12,15,8,16,26,23
2012,386,SHIVPUR,VARANASI,6.77,19.59,26.45,17.66,62.95,10.29,0,1,Purvanchal,12,15,8,16,26,23
2012,387,ROHANIYA,VARANASI,9.67,13.64,21.03,9.52,60.35,9.19,0,0,Purvanchal,12,15,8,16,26,23
2012,388,VARANASI NORTH,VARANASI,26.49,20.67,25.2,17.13,52.24,14.53,1,0,Purvanchal,12,15,8,16,26,23
2012,389,VARANASI SOUTH,VARANASI,38.22,9.67,5.84,29.09,55.49,15.58,1,1,Purvanchal,12,15,8,16,26,23
2012,390,VARANASI CANTONMENT,VARANASI,32.05,20.99,12.27,24.94,51.7,9.3,1,1,Purvanchal,12,15,8,16,26,23
2012,391,SEVAPURI,VARANASI,5.5,31.87,18.12,13.45,62.29,11.16,0,1,Purvanchal,12,15,8,16,26,23
2012,392,BHADOHI,SANT RAVIDAS NAGAR,12.49,37.7,29.92,4.14,54.83,17.43,0,1,Purvanchal,12,15,8,16,26,23
2012,393,GYANPUR,SANT RAVIDAS NAGAR,3.61,51.68,30.42,0,55.23,22.49,0,0,Purvanchal,12,15,8,16,26,23
2012,394,AURAI,SANT RAVIDAS NAGAR,4.54,47.28,34.94,2.93,53.71,30.41,0,0,Purvanchal,12,15,8,16,26,23
2012,395,CHHANBEY,MIRZAPUR,8.83,30.99,25.44,18.02,59.44,9.19,0,0,Purvanchal,12,15,8,16,26,23
2012,396,MIRZAPUR,MIRZAPUR,19.57,36.51,24.73,2.93,56.48,11.78,0,1,Purvanchal,12,15,8,16,26,23
2012,397,MAJHAWAN,MIRZAPUR,3.53,35.11,39.72,3.05,63.18,24.89,0,0,Purvanchal,12,15,8,16,26,23
2012,398,CHUNAR,MIRZAPUR,19.23,36.36,25.16,11.88,61.3,11.19,0,1,Purvanchal,12,15,8,16,26,23
2012,399,MARIHAN,MIRZAPUR,5.15,25.68,24.35,29.66,67.1,19.21,0,0,Purvanchal,12,15,8,16,26,23
2012,400,GHORAWAL,SONBHADRA,3.77,42.97,35.53,6.86,63.92,28.67,0,1,Purvanchal,12,15,8,16,26,23
2012,401,ROBERTSGANJ,SONBHADRA,12.22,28.59,25.35,7.56,60.11,13.13,0,0,Purvanchal,12,15,8,16,26,23
2012,402,OBRA,SONBHADRA,16.99,10.05,21.9,11.95,50.45,6.53,0,0,Purvanchal,12,15,8,16,26,23
2012,403,DUDHI,SONBHADRA,20.6,22.61,18.52,0,58.42,14.2,0,1,Purvanchal,12,15,8,16,26,23
2017,1,BEHAT,SAHARANPUR,28.29,0,28.12,38.42,75.04,26.46,0,1,Western UP,26,12,6,4,30,22
2017,2,NAKUR,SAHARANPUR,36.93,0,25.57,35.35,77.53,25.08,1,1,Western UP,26,12,6,4,30,22
2017,3,SAHARANPUR NAGAR,SAHARANPUR,44.98,46.68,6.37,0,69.24,38.61,0,1,Western UP,26,12,6,4,30,22
2017,4,SAHARANPUR,SAHARANPUR,24.74,0,31.74,36.93,74.81,20.13,0,0,Western UP,26,12,6,4,30,22
2017,5,DEOBAND,SAHARANPUR,43.64,23.64,31.09,0,71.53,23.15,1,1,Western UP,26,12,6,4,30,22
2017,6,RAMPUR MANIHARAN,SAHARANPUR,34.94,0,34.67,28.24,73.44,27.84,1,1,Western UP,26,12,6,4,30,22
2017,7,GANGOH,SAHARANPUR,38.64,18.35,17.37,23.86,72,16.96,1,0,Western UP,26,12,6,4,30,22
2017,8,KAIRANA,PRABUDDHA NAGAR,37.14,47.26,3.29,0,69.56,27.58,0,1,Western UP,26,12,6,4,30,22
2017,9,THANA BHAWAN,PRABUDDHA NAGAR,42.78,6.34,34.88,0,68.3,20.17,1,1,Western UP,26,12,6,4,30,22
2017,10,SHAMLI,PRABUDDHA NAGAR,35.69,0,8.72,20.56,65.48,15.14,1,1,Western UP,26,12,6,4,30,22
2017,11,BUDHANA,MUZAFFARNAGAR,40.55,35.08,12.46,0,67.14,22.62,1,0,Western UP,26,12,6,4,30,22
2017,12,CHARTHAWAL,MUZAFFARNAGAR,39.64,28.42,23.05,0,65.84,16.07,1,1,Western UP,26,12,6,4,30,22
2017,13,PURQAZI,MUZAFFARNAGAR,37.93,1.26,22.71,32.42,65.08,18.68,1,0,Western UP,26,12,6,4,30,22
2017,14,MUZAFFARNAGAR,MUZAFFARNAGAR,45.38,40.41,9.76,0,64.49,30.66,1,1,Western UP,26,12,6,4,30,22
2017,15,KHATAULI,MUZAFFARNAGAR,44.47,29.75,17.54,0,71.33,14.72,1,0,Western UP,26,12,6,4,30,22
2017,16,MEERAPUR,MUZAFFARNAGAR,33.77,33.68,19.42,0,69.49,14.26,1,1,Western UP,26,12,6,4,30,22
2017,17,NAJIBABAD,BIJNOR,36.62,37.55,20.87,0,65.52,19.21,0,0,Rohilkhand,32,11,6,6,28,17
2017,18,NAGINA,BIJNOR,32.96,36.75,23.67,0,63.88,21.59,0,1,Rohilkhand,32,11,6,6,28,17
2017,19,BARHAPUR,BIJNOR,35.45,0,22.82,31.02,65.71,20.03,1,0,Rohilkhand,32,11,6,6,28,17
2017,20,DHAMPUR,BIJNOR,42.58,33.33,22.2,0,68.36,21.67,1,1,Rohilkhand,32,11,6,6,28,17
2017,21,NEHTAUR,BIJNOR,40.72,0,25,28.42,65.71,21.56,1,1,Rohilkhand,32,11,6,6,28,17
2017,22,BIJNOR,BIJNOR,42.95,31.85,20.26,0,67.67,17.08,1,1,Rohilkhand,32,11,6,6,28,17
2017,23,CHANDPUR,BIJNOR,42.27,16.72,25.95,7.24,69.84,16.32,1,0,Rohilkhand,32,11,6,6,28,17
2017,24,NOORPUR,BIJNOR,38.98,32.71,22.6,0,66.93,19.97,1,0,Rohilkhand,32,11,6,6,28,17
2017,25,KANTH,MORADABAD,30.15,29.22,17.31,0,71.17,11.91,1,1,Rohilkhand,32,11,6,6,28,17
2017,26,THAKURDWARA,MORADABAD,36.84,42.07,15.53,0,73.74,21.31,0,1,Rohilkhand,32,11,6,6,28,17
2017,27,MORADABAD RURAL,MORADABAD,31.23,44.23,9.06,0,62.1,20.66,0,0,Rohilkhand,32,11,6,6,28,17
2017,28,MORADABAD,MORADABAD,44.6,43.45,8.91,0,58.8,34.55,1,1,Rohilkhand,32,11,6,6,28,17
2017,29,KUNDARKI,MORADABAD,37.73,41.83,13.65,0,71.39,24.09,0,1,Rohilkhand,32,11,6,6,28,17
2017,30,BILARI,MORADABAD,31.53,37.4,26.61,0,66.62,25.45,0,0,Rohilkhand,32,11,6,6,28,17
2017,31,CHANDAUSI,BHEEM NAGAR,46.77,0,22.78,26.48,61.65,21.17,1,0,Rohilkhand,32,11,6,6,28,17
2017,32,ASMOLI,BHEEM NAGAR,30.59,39.04,26.98,0,71.73,26.23,0,1,Rohilkhand,32,11,6,6,28,17
2017,33,SAMBHAL,BHEEM NAGAR,24.86,32.84,15.21,0,68.33,14.51,0,1,Rohilkhand,32,11,6,6,28,17
2017,34,SUAR TANDA,RAMPUR,25.9,51.68,20.51,0,69.59,25.78,0,1,Rohilkhand,32,11,6,6,28,17
2017,35,CHAMRAUA,RAMPUR,26.23,44.99,27.29,0,64.95,25.67,0,1,Rohilkhand,32,11,6,6,28,17
2017,36,BILASPUR,RAMPUR,44.3,0,17.59,34.31,67.45,16.72,1,1,Rohilkhand,32,11,6,6,28,17
2017,37,RAMPUR,RAMPUR,25.69,47.47,25.22,0,56.32,24.67,0,1,Rohilkhand,32,11,6,6,28,17
2017,38,MILAK,RAMPUR,41.54,33.83,18.15,0,63.86,15.68,1,1,Rohilkhand,32,11,6,6,28,17
2017,39,DHANAURA,JYOTIBA PHULE NAGAR,45.72,28.74,23.07,0,70.14,21.41,1,0,Rohilkhand,32,11,6,6,28,17
2017,40,NAUGAWAN SADAT,JYOTIBA PHULE NAGAR,41.43,32.62,17.15,0,76.32,15.46,1,1,Rohilkhand,32,11,6,6,28,17
2017,41,AMROHA,JYOTIBA PHULE NAGAR,22.55,37.1,29.63,0,68.89,15.54,0,1,Rohilkhand,32,11,6,6,28,17
2017,42,HASANPUR,JYOTIBA PHULE NAGAR,43.65,32.76,20.37,0,74.38,19.71,1,1,Rohilkhand,32,11,6,6,28,17
2017,43,SIWALKHAS,MEERUT,32.32,27.25,18.87,0,70.71,18.39,1,1,Western UP,26,12,6,4,30,22
2017,44,SARDHANA,MEERUT,40.93,31.89,23.92,0,71.83,22.29,1,1,Western UP,26,12,6,4,30,22
2017,45,HASTINAPUR,MEERUT,44.92,22.13,28.63,0,67.76,19.17,1,1,Western UP,26,12,6,4,30,22
2017,46,KITHORE,MEERUT,37.31,32.86,25.73,0,71.7,23.02,1,1,Western UP,26,12,6,4,30,22
2017,47,MEERUT CANTONMENT,MEERUT,55.93,0,23.59,16.74,58.96,32.34,1,0,Western UP,26,12,6,4,30,22
2017,48,MEERUT,MEERUT,38.08,52.79,6.46,0,64.69,31.61,0,1,Western UP,26,12,6,4,30,22
2017,49,MEERUT SOUTH,MEERUT,41.81,0,28.74,25.52,63.14,23.51,1,0,Western UP,26,12,6,4,30,22
2017,50,CHAPRAULI,BAGHPAT,30.62,19.91,15.11,0,62.95,14.6,0,0,Western UP,26,12,6,4,30,22
2017,51,BARAUT,BAGHPAT,42.89,15.32,11.92,0,64.29,14.3,1,1,Western UP,26,12,6,4,30,22
2017,52,BAGHPAT,BAGHPAT,46.61,0,30.82,9.61,65.91,19.87,1,1,Western UP,26,12,6,4,30,22
2017,53,LONI,GHAZIABAD,41.19,15.41,25.6,0,60.12,15.59,1,1,Western UP,26,12,6,4,30,22
2017,54,MURADNAGAR,GHAZIABAD,55.52,0,20.17,19.72,60.47,35.35,1,0,Western UP,26,12,6,4,30,22
2017,55,SAHIBABAD,GHAZIABAD,61.7,0,9.78,26.31,49.2,35.38,1,1,Western UP,26,12,6,4,30,22
2017,56,GHAZIABAD,GHAZIABAD,54.99,0,23.77,17.55,53.26,31.22,1,1,Western UP,26,12,6,4,30,22
2017,57,MODINAGAR,GHAZIABAD,50.32,15.06,19.48,0,64.75,30.84,1,1,Western UP,26,12,6,4,30,22
2017,58,DHOLANA,PANCHSHEEL NAGAR,33.49,28.28,34.9,0,66.89,27.09,0,1,Western UP,26,12,6,4,30,22
2017,59,HAPUR,PANCHSHEEL NAGAR,37.97,0,26.41,31.23,64.54,24.02,1,1,Western UP,26,12,6,4,30,22
2017,60,GARMUKHTESHWAR,PANCHSHEEL NAGAR,41.08,22.01,25.16,0,67.3,15.92,1,1,Western UP,26,12,6,4,30,22
2017,61,NOIDA,GAUTAM BUDH NAGAR,63.84,22.96,10.76,0,48.56,40.89,1,0,Western UP,26,12,6,4,30,22
2017,62,DADRI,GAUTAM BUDH NAGAR,53.24,0,23.01,15.07,60.12,30.22,1,1,Western UP,26,12,6,4,30,22
2017,63,JEWAR,GAUTAM BUDH NAGAR,48.71,6.26,38.22,0,65.45,31.96,1,1,Western UP,26,12,6,4,30,22
2017,64,SIKANDRABAD,BULANDSHAHR,41.66,19.41,30.3,0,67.13,12.38,1,1,Western UP,26,12,6,4,30,22
2017,65,BULANDSHAHR,BULANDSHAHR,45.51,9.84,36.09,0,64.27,26.25,1,0,Western UP,26,12,6,4,30,22
2017,66,SYANA,BULANDSHAHR,54.15,0,23.33,8.87,62.53,30.82,1,1,Western UP,26,12,6,4,30,22
2017,67,ANUPSHAHR,BULANDSHAHR,48.93,21.16,22.68,0,63.58,26.25,1,1,Western UP,26,12,6,4,30,22
2017,68,DEBAI,BULANDSHAHR,53.29,22.01,21.44,0,62.93,31.28,1,0,Western UP,26,12,6,4,30,22
2017,69,SHIKARPUR,BULANDSHAHR,50.26,0,25.48,16.23,65.23,24.78,1,1,Western UP,26,12,6,4,30,22
2017,70,KHURJA,BULANDSHAHR,50.43,0,23.29,22.4,65.5,27.13,1,0,Western UP,26,12,6,4,30,22
2017,71,KHAIR,ALIGARH,53.51,3.23,23.04,0,61.77,30.47,1,0,Western UP,26,12,6,4,30,22
2017,72,BARAULI,ALIGARH,53.4,0,36.91,7.33,65.9,29.58,1,1,Western UP,26,12,6,4,30,22
2017,73,ATRAULI,ALIGARH,49.61,27.7,19.36,0,60.8,21.91,1,1,Western UP,26,12,6,4,30,22
2017,74,CHHARRA,ALIGARH,48.36,23.84,23.52,0,63.54,24.51,1,0,Western UP,26,12,6,4,30,22
2017,75,KOIL,ALIGARH,41.04,18.75,16.58,16.9,62.96,22.29,1,1,Western UP,26,12,6,4,30,22
2017,76,ALIGARH,ALIGARH,46.22,39.95,10.44,0,66.47,29.5,1,1,Western UP,26,12,6,4,30,22
2017,77,IGLAS,ALIGARH,54.79,0,22.77,8.96,64.96,32.02,1,0,Western UP,26,12,6,4,30,22
2017,78,HATHRAS,MAHAMAYA NAGAR,56.1,0,26.48,11.44,62.02,29.62,1,1,Western UP,26,12,6,4,30,22
2017,79,SADABAD,MAHAMAYA NAGAR,15.95,12.79,40.33,0,65.6,12.64,0,1,Western UP,26,12,6,4,30,22
2017,80,SIKANDRA RAO,MAHAMAYA NAGAR,35.21,27.63,28.37,0,61.74,24.29,1,0,Western UP,26,12,6,4,30,22
2017,81,CHHATA,MATHURA,51.71,0,18.16,0,66.84,28.08,1,0,Western UP,26,12,6,4,30,22
2017,82,MANT,MATHURA,28.43,0,31.27,6.3,66.54,22.13,0,0,Western UP,26,12,6,4,30,22
2017,83,GOVARDHAN,MATHURA,45.17,0,29.23,2.87,66.5,16.93,1,1,Western UP,26,12,6,4,30,22
2017,84,MATHURA,MATHURA,56.65,0,12.32,16.68,59.44,39.97,1,1,Western UP,26,12,6,4,30,22
2017,85,BALDEV,MATHURA,38.15,3.84,23.1,0.36,66.68,19.26,1,1,Western UP,26,12,6,4,30,22
2017,86,ETMADPUR,AGRA,48.34,15.46,31.71,0,68.12,16.63,1,0,Western UP,26,12,6,4,30,22
2017,87,AGRA CANTONMENT,AGRA,44.77,25.59,26.44,0,59.14,25.1,1,1,Western UP,26,12,6,4,30,22
2017,88,AGRA SOUTH,AGRA,51.51,0,26.54,18.15,62.31,24.96,1,1,Western UP,26,12,6,4,30,22
2017,89,AGRA NORTH,AGRA,58.55,15.92,21.15,0,58.34,37.41,1,1,Western UP,26,12,6,4,30,22
2017,90,AGRA RURAL,AGRA,51.97,0,25.84,12.53,63.68,26.13,1,1,Western UP,26,12,6,4,30,22
2017,91,FATEHPUR SIKRI,AGRA,47.34,9.54,24.52,0,67.81,22.82,1,1,Western UP,26,12,6,4,30,22
2017,92,KHERAGARH,AGRA,47.04,0,30.94,11.61,64.17,19.33,1,1,Western UP,26,12,6,4,30,22
2017,93,FATEHABAD,AGRA,48.6,32.22,16.71,0,70.51,16.38,1,0,Western UP,26,12,6,4,30,22
2017,94,BAH,AGRA,41.79,24.32,29.79,0,60,23.17,1,0,Western UP,26,12,6,4,30,22
2017,95,TUNDLA,FIROZABAD,48.68,22.53,25.66,0,69.66,23.02,1,1,Western UP,26,12,6,4,30,22
2017,96,JASRANA,FIROZABAD,44.89,36.07,11.4,0,67.66,24.66,1,1,Western UP,26,12,6,4,30,22
2017,97,FIROZABAD,FIROZABAD,44.19,26.23,22.12,0,61.26,17.96,1,1,Western UP,26,12,6,4,30,22
2017,98,SHIKOHABAD,FIROZABAD,40.91,35.89,17.47,0,66.1,18.42,1,0,Western UP,26,12,6,4,30,22
2017,99,SIRSAGANJ,FIROZABAD,39.2,44.46,10.3,0,66.38,28.9,0,0,Western UP,26,12,6,4,30,22
2017,100,KASGANJ,KANSHIRAM NAGAR,46.3,22.66,17.18,0,63.67,23.64,1,0,Western UP,26,12,6,4,30,22
2017,101,AMANPUR,KANSHIRAM NAGAR,46.36,23.61,18.05,0,62.76,22.75,1,0,Western UP,26,12,6,4,30,22
2017,102,PATIALI,KANSHIRAM NAGAR,35.7,33.84,21.76,0,61.82,16.54,1,1,Western UP,26,12,6,4,30,22
2017,103,ALIGANJ,ETAH,40.95,34.55,21.36,0,64.86,20.64,1,0,Western UP,26,12,6,4,30,22
2017,104,ETAH,ETAH,40.92,30.44,20.8,0,63.56,15.33,1,1,Western UP,26,12,6,4,30,22
2017,105,MARHARA,ETAH,48.35,30.87,16.71,0,64.6,17.47,1,1,Western UP,26,12,6,4,30,22
2017,106,JALESAR,ETAH,44.14,33.41,19.4,0,65.84,18.11,1,1,Western UP,26,12,6,4,30,22
2017,107,MAINPURI,MAINPURI,34.02,38.51,24.55,0,60.27,23.91,0,1,Western UP,26,12,6,4,30,22
2017,108,BHONGAON,MAINPURI,47.36,36.99,13.3,0,59.13,23.68,1,1,Western UP,26,12,6,4,30,22
2017,109,KISHNI,MAINPURI,35.62,44.83,15.52,0,60.13,20.1,0,0,Western UP,26,12,6,4,30,22
2017,110,KARHAL,MAINPURI,31.3,49.57,14.11,0,59.17,18.26,0,1,Western UP,26,12,6,4,30,22
2017,111,GUNNAUR,BADAUN,47.14,42.14,7.05,0,61.13,35.09,1,0,Rohilkhand,32,11,6,6,28,17
2017,112,BISAULI,BADAUN,43.79,39.13,14.15,0,59.07,24.98,1,1,Rohilkhand,32,11,6,6,28,17
2017,113,SAHASWAN,BADAUN,10.03,32.2,30.43,0,60.41,13.86,0,1,Rohilkhand,32,11,6,6,28,17
2017,114,BILSI,BADAUN,41.87,25.94,28.1,0,58.69,24.95,1,1,Rohilkhand,32,11,6,6,28,17
2017,115,BADAUN,BADAUN,41.04,33.3,15.34,0,60.17,17.96,1,1,Rohilkhand,32,11,6,6,28,17
2017,116,SHEKHUPUR,BADAUN,39.72,29.81,27.27,0,62.46,26.46,1,1,Rohilkhand,32,11,6,6,28,17
2017,117,DATAGANJ,BADAUN,35.19,0,23.73,14.34,57.69,11.46,1,1,Rohilkhand,32,11,6,6,28,17
2017,118,BAHERI,BAREILLY,43.93,25.76,26.64,0,71.95,24.69,1,1,Rohilkhand,32,11,6,6,28,17
2017,119,MEERGANJ,BAREILLY,51.74,0,25.82,17.57,64.74,25.92,1,1,Rohilkhand,32,11,6,6,28,17
2017,120,BHOJIPURA,BAREILLY,42.07,30.43,20.9,0,68.71,18.18,1,1,Rohilkhand,32,11,6,6,28,17
2017,121,NAWABGANJ,BAREILLY,43.52,25.34,8.8,0,68.35,18.18,1,1,Rohilkhand,32,11,6,6,28,17
2017,122,FARIDPUR,BAREILLY,43.98,30.98,19.81,0,61.95,18.19,1,1,Rohilkhand,32,11,6,6,28,17
2017,123,BITHARI CHAINPUR,BAREILLY,41.03,32.72,22.68,0,64.79,21.55,1,0,Rohilkhand,32,11,6,6,28,17
2017,124,BAREILLY CITY,BAREILLY,51.37,0,6.52,38.57,53.78,32.05,1,1,Rohilkhand,32,11,6,6,28,17
2017,125,BAREILLY CANTONMENT,BAREILLY,48.22,0,7.76,41.31,53.47,33.55,1,1,Rohilkhand,32,11,6,6,28,17
2017,126,AONLA,BAREILLY,34.76,32.81,29.82,0,60.95,28.84,1,0,Rohilkhand,32,11,6,6,28,17
2017,127,PILIBHIT,PILIBHIT,54.2,36.98,5.77,0,68.33,31.21,1,1,Rohilkhand,32,11,6,6,28,17
2017,128,BARKHERA,PILIBHIT,49.37,22.02,13.53,0,69.76,27.34,1,1,Rohilkhand,32,11,6,6,28,17
2017,129,PURANPUR,PILIBHIT,52.06,36.16,8.16,0,66.79,28,1,1,Rohilkhand,32,11,6,6,28,17
2017,130,BISALPUR,PILIBHIT,46.43,0,20.34,28.04,64.01,19.24,1,1,Rohilkhand,32,11,6,6,28,17
2017,131,KATRA,SHAHJAHANPUR,39.64,30.97,24.6,0,61.47,23.65,1,1,Rohilkhand,32,11,6,6,28,17
2017,132,JALALABAD,SHAHJAHANPUR,31.69,36.16,28,0,60.85,27.23,0,0,Rohilkhand,32,11,6,6,28,17
2017,133,TILHAR,SHAHJAHANPUR,40.03,0,15.38,37.24,61.77,21.86,1,1,Rohilkhand,32,11,6,6,28,17
2017,134,POWAYAN,SHAHJAHANPUR,55.25,23.65,16.93,0,63.38,31.59,1,1,Rohilkhand,32,11,6,6,28,17
2017,135,SHAHJAHANPUR,SHAHJAHANPUR,48.89,39.57,8.03,0,57.39,31.54,1,1,Rohilkhand,32,11,6,6,28,17
2017,136,DADRAUL,SHAHJAHANPUR,39.91,31.88,23.44,0,65.58,22.34,1,1,Rohilkhand,32,11,6,6,28,17
2017,137,PALIA,LAKHIMPUR KHERI,50.94,0,18.74,21.07,68.02,29.87,1,0,Doab/Awadh,14,14,10,11,24,27
2017,138,NIGHASAN,LAKHIMPUR KHERI,48.39,27.62,18.31,0,67.83,20.76,1,0,Doab/Awadh,14,14,10,11,24,27
2017,139,GOLA GOKRANNATH,LAKHIMPUR KHERI,48.83,26.9,20.55,0,68.58,21.93,1,1,Doab/Awadh,14,14,10,11,24,27
2017,140,SRINAGAR,LAKHIMPUR KHERI,50.68,26.03,20.08,0,72.37,24.65,1,0,Doab/Awadh,14,14,10,11,24,27
2017,141,DHAUREHRA,LAKHIMPUR KHERI,36.06,34.54,24.73,0,68.79,23.21,1,1,Doab/Awadh,14,14,10,11,24,27
2017,142,LAKHIMPUR,LAKHIMPUR KHERI,47.99,33.22,15.28,0,64.97,17.94,1,1,Doab/Awadh,14,14,10,11,24,27
2017,143,KASTA,LAKHIMPUR KHERI,44.2,32.65,19.9,0,70.24,18.94,1,1,Doab/Awadh,14,14,10,11,24,27
2017,144,MOHAMMADI,KHERI,42.44,0,26.42,26.96,69.52,25.36,1,0,Doab/Awadh,14,14,10,11,24,27
2017,145,MAHOLI,SITAPUR,33.49,31.95,25.2,0,68.68,20.56,1,1,Doab/Awadh,14,14,10,11,24,27
2017,146,SITAPUR,SITAPUR,42.21,31.6,22.28,0,61.82,21.49,1,1,Doab/Awadh,14,14,10,11,24,27
2017,147,HARGAON,SITAPUR,45.95,22.69,25.62,0,71.33,21.47,1,1,Doab/Awadh,14,14,10,11,24,27
2017,148,LAHARPUR,SITAPUR,34.62,0,30.65,29.23,67.57,27.99,1,0,Doab/Awadh,14,14,10,11,24,27
2017,149,BISWAN,SITAPUR,35.92,31.43,28.52,0,71.9,27.61,1,0,Doab/Awadh,14,14,10,11,24,27
2017,150,SEVATA,SITAPUR,44.23,20.31,23.84,0,72.21,20.39,1,0,Doab/Awadh,14,14,10,11,24,27
2017,151,MAHMUDABAD,SITAPUR,37.77,38.67,21.38,0,72.41,20.48,0,1,Doab/Awadh,14,14,10,11,24,27
2017,152,SIDHAULI,SITAPUR,29.63,32.65,33.73,0,70.7,28.58,0,1,Doab/Awadh,14,14,10,11,24,27
2017,153,MISRIKH,SITAPUR,39.33,27.87,29.92,0,63.68,26.86,1,1,Doab/Awadh,14,14,10,11,24,27
2017,154,SAWAIJPUR,HARDOI,39.94,28.31,25.79,0,60.26,24.25,1,0,Doab/Awadh,14,14,10,11,24,27
2017,155,SHAHABAD,HARDOI,45.3,7.17,43.36,0,63.96,36.19,1,1,Doab/Awadh,14,14,10,11,24,27
2017,156,HARDOI,HARDOI,40.21,42.43,13.3,0,58.53,26.91,0,1,Doab/Awadh,14,14,10,11,24,27
2017,157,GOPAMAU,HARDOI,43.28,27.82,24.55,0,61.45,23.44,1,1,Doab/Awadh,14,14,10,11,24,27
2017,158,SANDI,HARDOI,38.79,0,27.31,27.9,58.52,26.12,1,0,Doab/Awadh,14,14,10,11,24,27
2017,159,BILGRAM - MALANWAN,HARDOI,37.61,33.99,23.22,0,62,22,1,0,Doab/Awadh,14,14,10,11,24,27
2017,160,BALAMAU,HARDOI,39.85,23.14,27.68,0,54.11,19.03,1,0,Doab/Awadh,14,14,10,11,24,27
2017,161,SANDILA,HARDOI,45.49,35.22,14.71,0,59.46,20.51,1,0,Doab/Awadh,14,14,10,11,24,27
2017,162,BANGARMAU,UNNAO,43.38,29.36,22.14,0,59.8,21.21,1,1,Doab/Awadh,14,14,10,11,24,27
2017,163,SAFIPUR,UNNAO,42.63,24.59,28.82,0,60.16,23.55,1,1,Doab/Awadh,14,14,10,11,24,27
2017,164,MOHAN,UNNAO,51.78,0,25.08,17.02,62.71,26.71,1,0,Doab/Awadh,14,14,10,11,24,27
2017,165,UNNAO,UNNAO,51.7,31.8,11.55,0,60.5,20.24,1,1,Doab/Awadh,14,14,10,11,24,27
2017,166,BHAGWANT NAGAR,UNNAO,44.25,0,21.48,21.17,57.2,22.77,1,0,Doab/Awadh,14,14,10,11,24,27
2017,167,PURWA,UNNAO,29.02,27.81,39.83,0,62.79,26.7,0,1,Doab/Awadh,14,14,10,11,24,27
2017,168,MALIHABAD,LUCKNOW,41.58,31.62,23.49,0,66.88,22.62,1,0,Doab/Awadh,14,14,10,11,24,27
2017,169,BAKSHI KAA TALAB,LUCKNOW,36.44,28.33,29.8,0,66.88,26.71,1,1,Doab/Awadh,14,14,10,11,24,27
2017,170,SAROJINI NAGAR,LUCKNOW,37.31,25.56,24.68,0,58.34,17.6,1,1,Doab/Awadh,14,14,10,11,24,27
2017,171,LUCKNOW WEST,LUCKNOW,42.76,36.75,16.66,0,56.09,20.09,1,1,Doab/Awadh,14,14,10,11,24,27
2017,172,LUCKNOW NORTH,LUCKNOW,48.27,36.23,13.23,0,56.15,23,1,1,Doab/Awadh,14,14,10,11,24,27
2017,173,LUCKNOW EAST,LUCKNOW,59.25,0,13.76,24.52,53.95,34.73,1,1,Doab/Awadh,14,14,10,11,24,27
2017,174,LUCKNOW CENTRAL,LUCKNOW,40.2,37.59,12.47,6.63,53.15,25.12,1,1,Doab/Awadh,14,14,10,11,24,27
2017,175,LUCKNOW CANTONMENT,LUCKNOW,50.9,32.87,13.89,0,50.89,18.98,1,1,Doab/Awadh,14,14,10,11,24,27
2017,176,MOHANLALGANJ,LUCKNOW,0,32.16,31.92,0,65.24,20.77,0,0,Doab/Awadh,14,14,10,11,24,27
2017,177,BACHHRAWAN,RAE BARELI,32.97,0,16.95,21.71,63.36,11.26,1,1,Doab/Awadh,14,14,10,11,24,27
2017,178,TILOI,CHHATRAPATHI SHAHUJI MAHARAJ GAR,49.1,0,26.6,18.31,57.67,22.5,1,0,Doab/Awadh,14,14,10,11,24,27
2017,179,HARCHANDPUR,RAE BARELI,33.13,0,24.29,35.1,61.05,23.01,0,0,Doab/Awadh,14,14,10,11,24,27
2017,180,RAE BARELI,RAE BARELI,13.9,0,18.89,61.89,59.01,43.01,0,0,Doab/Awadh,14,14,10,11,24,27
2017,181,SALON,CHHATRAPATHI SHAHUJI MAHARAJ GAR,40.44,0,20.65,32.12,56.76,18.82,1,0,Doab/Awadh,14,14,10,11,24,27
2017,182,SARENI,RAE BARELI,32.16,16.01,25.81,20.62,58.24,14.76,1,1,Doab/Awadh,14,14,10,11,24,27
2017,183,UNCHAHAR,RAE BARELI,27.61,28.54,21.9,16.55,63.65,15.34,0,1,Doab/Awadh,14,14,10,11,24,27
2017,184,JAGDISHPUR,CHHATRAPATHI SHAHUJI MAHARAJ GAR,43.64,0,16.24,35.04,53.35,18.8,1,1,Doab/Awadh,14,14,10,11,24,27
2017,185,GAURIGANJ,CHHATRAPATHI SHAHUJI MAHARAJ GAR,11.76,38.75,16.84,25.61,59.88,13.14,0,1,Doab/Awadh,14,14,10,11,24,27
2017,186,AMETHI,CHHATRAPATHI SHAHUJI MAHARAJ GAR,34.21,31.52,16.07,10.81,56.1,15.44,1,0,Doab/Awadh,14,14,10,11,24,27
2017,187,ISAULI,BADAUN,24.72,26.94,13.03,0,56.35,9.43,0,1,Rohilkhand,32,11,6,6,28,17
2017,188,SULTANPUR,SULTANPUR,42.36,25.99,26.55,0,56.76,25.08,1,1,Doab/Awadh,14,14,10,11,24,27
2017,189,SADAR,SULTANPUR,36.43,26.26,26.51,0,58.37,20.45,1,0,Doab/Awadh,14,14,10,11,24,27
2017,190,LAMBHUA,SULTANPUR,38.98,23.62,32.59,0,57.47,22.73,1,1,Doab/Awadh,14,14,10,11,24,27
2017,191,KADIPUR,SULTANPUR,41.49,0,28.85,15.22,58.77,13.64,1,0,Doab/Awadh,14,14,10,11,24,27
2017,192,KAIMGANJ,FARRUKHABAD,49.77,34.14,13.45,0,61.24,20.69,1,0,Doab/Awadh,14,14,10,11,24,27
2017,193,AMRITPUR,FARRUKHABAD,53.54,30.35,9.45,0,58.47,23.19,1,1,Doab/Awadh,14,14,10,11,24,27
2017,194,FARRUKHABAD,FARRUKHABAD,45.02,17.31,23.17,0,58.53,21.84,1,0,Doab/Awadh,14,14,10,11,24,27
2017,195,BHOJPUR,FARRUKHABAD,49.9,31.32,13.76,0,61.11,18.58,1,0,Doab/Awadh,14,14,10,11,24,27
2017,196,CHHIBRAMAU,KANNAUJ,41.75,27.04,27.9,0,63.66,26.34,1,0,Doab/Awadh,14,14,10,11,24,27
2017,197,TIRWA,KANNAUJ,46.71,35.45,14.9,0,61.94,20.55,1,1,Doab/Awadh,14,14,10,11,24,27
2017,198,KANNAUJ,KANNAUJ,39.18,40.17,17.81,0,64.34,21.37,0,1,Doab/Awadh,14,14,10,11,24,27
2017,199,JASWANTNAGAR,ETAWAH,31.85,54.42,10.52,0,63.6,22.58,0,1,Doab/Awadh,14,14,10,11,24,27
2017,200,ETAWAH,ETAWAH,41.28,33.44,19.72,0,57.9,19.07,1,0,Doab/Awadh,14,14,10,11,24,27
2017,201,BHARTHANA,ETAWAH,35.63,34.78,26.87,0,59,26.17,1,0,Doab/Awadh,14,14,10,11,24,27
2017,202,BIDHUNA,AURAIYA,37.51,35.72,24.44,0,61.45,23.86,1,0,Doab/Awadh,14,14,10,11,24,27
2017,203,DIBIYAPUR,AURAIYA,37.3,30.99,26.85,0,61.91,25.41,1,0,Doab/Awadh,14,14,10,11,24,27
2017,204,AURAIYA,AURAIYA,45.22,21.21,27.98,0,57.87,18.43,1,0,Doab/Awadh,14,14,10,11,24,27
2017,205,RASULABAD,RAMABAI NAGAR,46.67,29.04,21.68,0,60.83,20.93,1,1,Doab/Awadh,14,14,10,11,24,27
2017,206,AKBARPUR - RANIYA,RAMABAI NAGAR,43.03,28.89,22.52,0,65.95,21.38,1,0,Doab/Awadh,14,14,10,11,24,27
2017,207,SIKANDRA,RAMABAI NAGAR,45.36,21.68,25.69,0,60.31,19.67,1,0,Doab/Awadh,14,14,10,11,24,27
2017,208,BHOGNIPUR,RAMABAI NAGAR,33.6,22.66,24.67,1.33,63.85,14.01,1,1,Doab/Awadh,14,14,10,11,24,27
2017,209,BILAUR,KANPUR GRAMEEN,42.51,24.94,29.57,0,63.74,24.12,1,1,Doab/Awadh,14,14,10,11,24,27
2017,210,BITHOOR,KANPUR GRAMEEN,49.14,23.55,23.24,0,65.11,25.59,1,1,Doab/Awadh,14,14,10,11,24,27
2017,211,KALYANPUR,KANPUR GRAMEEN,48.69,35.57,14.45,0,53.23,21.12,1,1,Doab/Awadh,14,14,10,11,24,27
2017,212,GOVIND NAGAR,KANPUR GRAMEEN,60.47,0,15.54,21.87,53.06,38.6,1,1,Doab/Awadh,14,14,10,11,24,27
2017,213,SISAMAU,KANPUR NAGAR,43.58,47.35,7.75,0,56.64,35.83,0,1,Doab/Awadh,14,14,10,11,24,27
2017,214,ARYANAGAR,KANPUR NAGAR,44.26,48.14,4.11,1.08,52.84,40.15,0,1,Doab/Awadh,14,14,10,11,24,27
2017,215,KIDWAI NAGAR,KANPUR NAGAR,54.31,0,6.47,37.74,57.83,31.27,1,1,Doab/Awadh,14,14,10,11,24,27
2017,216,KANPUR CANTONMENT,KANPUR NAGAR,40.69,3.37,7.98,46,52.58,32.71,0,1,Doab/Awadh,14,14,10,11,24,27
2017,217,MAHARAJPUR,KANPUR NAGAR,55.93,16.37,17.14,7.9,57.87,38.79,1,1,Doab/Awadh,14,14,10,11,24,27
2017,218,GHATAMPUR,KANPUR NAGAR,48.52,0,24.89,21.16,61.9,23.63,1,0,Doab/Awadh,14,14,10,11,24,27
2017,219,MADHOGARH,JALAUN,43.04,0,24.84,18.57,58.57,18.2,1,0,Bundelkhand,7,16,9,12,31,25
2017,220,KALPI,JALAUN,46.22,0,23.77,23.18,60.74,22.45,1,1,Bundelkhand,7,16,9,12,31,25
2017,221,ORAI,JALAUN,52.98,23.24,21.7,0,62.54,29.75,1,0,Bundelkhand,7,16,9,12,31,25
2017,222,BABINA,JHANSI,42.02,34.7,18.51,0,71.16,17.09,1,1,Bundelkhand,7,16,9,12,31,25
2017,223,JHANSI NAGAR,JHANSI,48.68,0,25.64,21.16,60.84,23.03,1,1,Bundelkhand,7,16,9,12,31,25
2017,224,MAURANIPUR,JHANSI,36.8,30.48,28.99,0,66.85,27.67,1,1,Bundelkhand,7,16,9,12,31,25
2017,225,GARAUTHA,JHANSI,40.81,33.89,21.15,0,67.55,19.99,1,1,Bundelkhand,7,16,9,12,31,25
2017,226,LALITPUR,LALITPUR,49.38,27.9,17.48,0,70.11,21.47,1,0,Bundelkhand,7,16,9,12,31,25
2017,227,MEHRONI,LALITPUR,51.76,8.78,19.41,14.03,74.16,32.35,1,1,Bundelkhand,7,16,9,12,31,25
2017,228,HAMIRPUR,HAMIRPUR,43.9,24.64,23.97,0,63.62,20.6,1,0,Bundelkhand,7,16,9,12,31,25
2017,229,RATH,HAMIRPUR,60.96,0,16,17.72,63.15,43.24,1,1,Bundelkhand,7,16,9,12,31,25
2017,230,MAHOBA,MAHOBA,44.76,28.85,21.25,0,66.01,19.87,1,0,Bundelkhand,7,16,9,12,31,25
2017,231,CHARKHARI,MAHOBA,46.03,25.43,22.18,0,66.28,20.89,1,0,Bundelkhand,7,16,9,12,31,25
2017,232,TINDWARI,BANDA,44.47,0,24.23,22.77,59.69,20.24,1,1,Bundelkhand,7,16,9,12,31,25
2017,233,BABERU,BANDA,39.29,26.66,27.79,0,59.14,24.82,1,0,Bundelkhand,7,16,9,12,31,25
2017,234,NARAINI,BANDA,45.3,0,21.87,23.24,60.75,22.06,1,1,Bundelkhand,7,16,9,12,31,25
2017,235,BANDA,BANDA,45.61,0,27.61,17.67,59.94,18,1,1,Bundelkhand,7,16,9,12,31,25
2017,236,CHITRAKOOT,CHITRAKOOT,40.85,28.68,21.6,0,62.02,20.01,1,1,Bundelkhand,7,16,9,12,31,25
2017,237,MANIKPUR,CHITRAKOOT,43.68,0,16.7,20.83,59.74,22.85,1,0,Bundelkhand,7,16,9,12,31,25
2017,238,JAHANABAD,FATEHPUR,0,18.64,17.64,0,61.26,26.23,0,1,Doab/Awadh,14,14,10,11,24,27
2017,239,BINDKI,FATEHPUR,53.27,22.62,17.56,1.09,61.95,30.65,1,1,Doab/Awadh,14,14,10,11,24,27
2017,240,FATEHPUR,FATEHPUR,45.85,29.71,18.21,0,58.69,17.18,1,0,Doab/Awadh,14,14,10,11,24,27
2017,241,AYAH SHAH,FATEHPUR,53.8,19.37,18.13,0,57.94,34.43,1,0,Doab/Awadh,14,14,10,11,24,27
2017,242,HUSAINGANJ,FATEHPUR,41.9,0,19.59,31.31,61.25,17.65,1,1,Doab/Awadh,14,14,10,11,24,27
2017,243,KHAGA,FATEHPUR,51.45,0,20.78,20.87,57.04,30.58,1,1,Doab/Awadh,14,14,10,11,24,27
2017,244,RAMPUR KHAS,PRATAPGARH,37.74,0,4.65,47.74,54.06,33.09,0,1,Purvanchal,12,15,8,16,26,23
2017,245,BABAGANJ,PRATAPGARH,30.13,0,10.24,0,55.06,22.12,0,0,Purvanchal,12,15,8,16,26,23
2017,246,KUNDA,PRATAPGARH,16.39,0,8.59,0,58.63,51.56,0,1,Purvanchal,12,15,8,16,26,23
2017,247,BISHWAVNATHGANJ,PRATAPGARH,0,0,17.23,29.77,51.67,14.26,0,0,Purvanchal,12,15,8,16,26,23
2017,248,PRATAPGARH,PRATAPGARH,0,24.99,22.55,0,55.97,20.7,0,1,Purvanchal,12,15,8,16,26,23
2017,249,PATTI,PRATAPGARH,36.08,35.37,22.33,0,61.3,20.87,1,0,Purvanchal,12,15,8,16,26,23
2017,250,RANIGANJ,PRATAPGARH,37.83,21.34,32.75,0,56.1,20.18,1,0,Purvanchal,12,15,8,16,26,23
2017,251,SIRATHU,KAUSHAMBI,40.07,26.72,22.32,0,55.94,20.05,1,1,Purvanchal,12,15,8,16,26,23
2017,252,MANJHANPUR,KAUSHAMBI,41.5,15.08,39.64,0,59.1,24.57,1,1,Purvanchal,12,15,8,16,26,23
2017,253,CHAIL,KAUSHAMBI,42.15,0,21.53,22.42,55.66,19.73,1,1,Purvanchal,12,15,8,16,26,23
2017,254,PHAPHAMAU,ALLAHABAD,40.55,27.89,25.32,0,57.61,23.78,1,0,Purvanchal,12,15,8,16,26,23
2017,255,SORAON,ALLAHABAD,3.07,25.55,28.25,0.4,58.15,22.49,0,0,Purvanchal,12,15,8,16,26,23
2017,256,PHULPUR,ALLAHABAD,41.94,30.05,22.52,0,58.8,21.6,1,0,Purvanchal,12,15,8,16,26,23
2017,257,PRATAPPUR,ALLAHABAD,0,24.87,32.17,0,55.43,21.37,0,0,Purvanchal,12,15,8,16,26,23
2017,258,HANDIA,ALLAHABAD,0,27.41,35.84,0,54.69,25.93,0,0,Purvanchal,12,15,8,16,26,23
2017,259,MEJA,ALLAHABAD,37.42,26.47,24.63,0,58.3,18.26,1,0,Purvanchal,12,15,8,16,26,23
2017,260,KARACHHANA,ALLAHABAD,33.1,40.66,20.63,0,59.92,19.47,0,1,Purvanchal,12,15,8,16,26,23
2017,261,ALLAHABAD WEST,ALLAHABAD,43.04,30.29,20.38,0,47.44,18.36,1,1,Purvanchal,12,15,8,16,26,23
2017,262,ALLAHABAD NORTH,ALLAHABAD,51.48,0,13.5,31.27,41.9,20.22,1,1,Purvanchal,12,15,8,16,26,23
2017,263,ALLAHABAD SOUTH,ALLAHABAD,52.53,36.38,6.87,0,45.16,29.52,1,0,Purvanchal,12,15,8,16,26,23
2017,264,BARA,ALLAHABAD,41.69,23.77,19.5,1.08,59.26,17.93,1,1,Purvanchal,12,15,8,16,26,23
2017,265,KORAON,ALLAHABAD,51.18,2.02,13.28,23.81,59.58,27.36,1,1,Purvanchal,12,15,8,16,26,23
2017,266,KURSI,BARABANKI,41.26,30.34,19.45,0,70.13,16.28,1,1,Doab/Awadh,14,14,10,11,24,27
2017,267,RAM NAGAR,BARABANKI,39.87,29.68,24.16,0,68.39,22.75,1,1,Doab/Awadh,14,14,10,11,24,27
2017,268,BARABANKI,BARABANKI,27.36,40.54,28.43,0,66.65,26.7,0,0,Doab/Awadh,14,14,10,11,24,27
2017,269,ZAIDPUR,BARABANKI,43.34,1.71,18.77,31.95,69.9,17.06,1,1,Doab/Awadh,14,14,10,11,24,27
2017,270,DARIYABAD,BARABANKI,46.81,26.9,21.41,0,65.7,20.23,1,1,Doab/Awadh,14,14,10,11,24,27
2017,271,RUDAULI,FAIZABAD,42.96,28.09,22.48,0,62.53,21.42,1,1,Doab/Awadh,14,14,10,11,24,27
2017,272,HAIDERGARH,BARABANKI,45.52,29.87,22.69,0,64.61,20.78,1,1,Doab/Awadh,14,14,10,11,24,27
2017,273,MILKIPUR,FAIZABAD,43.51,29.36,23.03,0,58.46,21.66,1,1,Doab/Awadh,14,14,10,11,24,27
2017,274,BIKAPUR,FAIZABAD,42.2,30.25,22.29,0,61.7,20.82,1,1,Doab/Awadh,14,14,10,11,24,27
2017,275,AYODHYA,FAIZABAD,49.2,26.01,18.19,0,61.96,23.19,1,1,Doab/Awadh,14,14,10,11,24,27
2017,276,GOSHAINGANJ,FAIZABAD,39.41,34.3,20.47,0,60.43,18.21,1,1,Doab/Awadh,14,14,10,11,24,27
2017,277,KATEHARI,AMBEDKAR NAGAR,33.31,19.42,35.99,0,63.33,13.88,0,0,Doab/Awadh,14,14,10,11,24,27
2017,278,TANDA,AMBEDKAR NAGAR,36.35,35.51,24.08,0,67.43,23.07,1,0,Doab/Awadh,14,14,10,11,24,27
2017,279,ALAPUR,AMBEDKAR NAGAR,36.59,30.26,29.62,0,61.14,28.64,1,0,Doab/Awadh,14,14,10,11,24,27
2017,280,JALALPUR,AMBEDKAR NAGAR,32.09,24.41,37.51,0,62.66,23.52,0,0,Doab/Awadh,14,14,10,11,24,27
2017,281,AKBARPUR,AMBEDKAR NAGAR,28.3,28.54,35.4,0,66.73,25.09,0,1,Doab/Awadh,14,14,10,11,24,27
2017,282,BALHA,BAHRAICH,51.46,14.5,28.42,0,57.9,23.04,1,1,Doab/Awadh,14,14,10,11,24,27
2017,283,NANPARA,BAHRAICH,44.71,0,13.17,35.04,58.2,21.87,1,1,Doab/Awadh,14,14,10,11,24,27
2017,284,MATERA,BAHRAICH,38.66,39.45,16.68,0,61.8,21.98,0,1,Doab/Awadh,14,14,10,11,24,27
2017,285,MAHSI,BAHRAICH,53.09,0,17.59,23.17,61.07,29.91,1,1,Doab/Awadh,14,14,10,11,24,27
2017,286,BAHRAICH,BAHRAICH,41,37.86,17.02,0,59.76,20.83,1,0,Doab/Awadh,14,14,10,11,24,27
2017,287,PAYAGPUR,BAHRAICH,49.59,29.44,14.12,2.06,56.8,20.15,1,1,Doab/Awadh,14,14,10,11,24,27
2017,288,KAISERGANJ,BAHRAICH,40.67,25.83,27.61,0,56.44,24.05,1,1,Doab/Awadh,14,14,10,11,24,27
2017,289,BHINGA,SHRAVASTI,31.01,25.7,33.71,0,63.1,22.41,0,1,Doab/Awadh,14,14,10,11,24,27
2017,290,SHRAWASTI,SHRAVASTI,32.86,32.68,21.93,0,63.49,17.44,1,0,Doab/Awadh,14,14,10,11,24,27
2017,291,TULSIPUR,BALRAMPUR,31.55,18.51,11.79,22.1,53.75,9.45,1,1,Doab/Awadh,14,14,10,11,24,27
2017,292,GAINSARI,BALRAMPUR,28.41,23.65,27.24,0,56.07,12.49,1,1,Doab/Awadh,14,14,10,11,24,27
2017,293,UTRAULA,BALRAMPUR,42.94,28.24,22.57,0,48.26,21.07,1,1,Doab/Awadh,14,14,10,11,24,27
2017,294,BALRAMPUR,BALRAMPUR,46.25,0,13.46,33.39,47.06,19.93,1,0,Doab/Awadh,14,14,10,11,24,27
2017,295,MEHNAUN,GONDA,40.73,20.55,23.16,0,58.13,17.58,1,0,Doab/Awadh,14,14,10,11,24,27
2017,296,GONDA,GONDA,30.1,21.43,24.06,0,56.54,16.43,1,0,Doab/Awadh,14,14,10,11,24,27
2017,297,KATRABAZAR,GONDA,41.57,27.66,25.25,0,61.17,23.86,1,1,Doab/Awadh,14,14,10,11,24,27
2017,298,COLONELGANJ,GONDA,45.41,29.85,18.22,0,57.95,16.71,1,1,Doab/Awadh,14,14,10,11,24,27
2017,299,TARABGANJ,GONDA,49.34,30.43,14.43,0,57.33,18.91,1,0,Doab/Awadh,14,14,10,11,24,27
2017,300,MANKAPUR,GONDA,57.3,13.76,23.79,0,56.3,33.51,1,0,Doab/Awadh,14,14,10,11,24,27
2017,301,GAURA,GONDA,41.79,24.57,22.3,1.58,55.6,17.68,1,0,Doab/Awadh,14,14,10,11,24,27
2017,302,SHOHRATGARH,SIDDHARTH NAGAR,0,19.77,24.38,2.22,54.49,15.19,0,0,Purvanchal,12,15,8,16,26,23
2017,303,KAPILVASTU,SIDDHARTH NAGAR,48.52,32.29,15.81,0,54.6,16.49,1,0,Purvanchal,12,15,8,16,26,23
2017,304,BANSI,SIDDHARTH NAGAR,42.03,31.76,19.2,0,50.77,17.9,1,1,Purvanchal,12,15,8,16,26,23
2017,305,ITWA,SIDDHARTH NAGAR,36.99,28.96,30.64,0,50.04,27.87,1,1,Purvanchal,12,15,8,16,26,23
2017,306,DOMARIAGANJ,SIDDHARTH NAGAR,33.35,25.9,33.26,0,51.12,20.77,1,0,Purvanchal,12,15,8,16,26,23
2017,307,HARRAIYA,BASTI,45.2,31.17,18.52,0,58.18,17.46,1,1,Purvanchal,12,15,8,16,26,23
2017,308,CAPTAINGANJ,BASTI,35.07,0,31.67,29.9,58.17,28.96,1,1,Purvanchal,12,15,8,16,26,23
2017,309,RUDHAULI,BASTI,40.53,0,30.74,23.24,54.44,22.25,1,1,Purvanchal,12,15,8,16,26,23
2017,310,BASTI SADAR,BASTI,44.86,24.25,23.98,0,59.41,21.97,1,0,Purvanchal,12,15,8,16,26,23
2017,311,MAHADEVA,BASTI,41.36,24.04,28.37,0,58.42,21.21,1,1,Purvanchal,12,15,8,16,26,23
2017,312,MEHNDAWAL,SANT KABIR NAGAR,38.69,16.71,19.6,0,51.27,19.09,1,0,Purvanchal,12,15,8,16,26,23
2017,313,KHALILABAD,SANT KABIR NAGAR,32.17,12.62,25.01,0,52.42,9.55,1,0,Purvanchal,12,15,8,16,26,23
2017,314,DHANGHATA,SANT KABIR NAGAR,39.73,31.29,25.93,0,56.08,25,1,0,Purvanchal,12,15,8,16,26,23
2017,315,PHARENDA,MAHARAJGANJ,38.36,0,17.98,37.18,59.64,19.2,1,0,Purvanchal,12,15,8,16,26,23
2017,316,NAUTANWA,MAHARAJGANJ,20.96,22.06,12.19,0,61.47,15.01,0,0,Purvanchal,12,15,8,16,26,23
2017,317,SISWA,MAHARAJGANJ,51.34,22.85,19.29,0,65.38,28.49,1,1,Purvanchal,12,15,8,16,26,23
2017,318,MAHARAJGANJ,MAHARAJGANJ,50.63,0,22.97,20.31,63.94,27.65,1,0,Purvanchal,12,15,8,16,26,23
2017,319,PANIARA,MAHARAJGANJ,48.92,0,21.25,19.68,61.16,27.67,1,0,Purvanchal,12,15,8,16,26,23
2017,320,CAIMPIYARGANJ,GORAKHPUR,42.29,0,18.11,27.12,59.5,15.16,1,1,Purvanchal,12,15,8,16,26,23
2017,321,PIPRAICH,GORAKHPUR,33.63,20.74,28.43,0,63.66,12.14,1,0,Purvanchal,12,15,8,16,26,23
2017,322,GORAKHPUR URBAN,GORAKHPUR,55.85,0,11.1,28.1,50.98,27.75,1,1,Purvanchal,12,15,8,16,26,23
2017,323,GORAKHPUR RURAL,GORAKHPUR,35.47,33.6,12.75,0,59.84,18.81,1,1,Purvanchal,12,15,8,16,26,23
2017,324,SAHAJANWA,GORAKHPUR,34.49,27.14,25.86,0,58.79,18.32,1,0,Purvanchal,12,15,8,16,26,23
2017,325,KHAJANI,GORAKHPUR,38.07,22.41,27.38,2.48,51.49,16.4,1,0,Purvanchal,12,15,8,16,26,23
2017,326,CHAURI-CHAURA,GORAKHPUR,45.35,21.79,19.35,0,57,23.57,1,1,Purvanchal,12,15,8,16,26,23
2017,327,BANSGAON,GORAKHPUR,40.25,24.63,27.45,0,48.23,20.22,1,0,Purvanchal,12,15,8,16,26,23
2017,328,CHILLUPAR,GORAKHPUR,33.96,25.16,35.48,0,51.06,23.68,0,1,Purvanchal,12,15,8,16,26,23
2017,329,KHADDA,KUSHINAGAR,42.26,17.91,22.55,0,62.66,19.71,1,0,Purvanchal,12,15,8,16,26,23
2017,330,PADRAUNA,KUSHINAGAR,44.44,0,25.2,19.53,60.4,19.24,1,1,Purvanchal,12,15,8,16,26,23
2017,331,TAMKUHI RAJ,KUSHINAGAR,20.02,0,19.36,28.43,56.87,9.34,0,1,Purvanchal,12,15,8,16,26,23
2017,332,FAZILNAGAR,KUSHINAGAR,47.94,28.38,15.97,0,55.99,19.55,1,1,Purvanchal,12,15,8,16,26,23
2017,333,KUSHINAGAR,KUSHINAGAR,47.72,22.78,24.09,0,57.35,23.63,1,1,Purvanchal,12,15,8,16,26,23
2017,334,HATA,KUSHINAGAR,49.87,24.39,20.48,0,59.01,25.49,1,0,Purvanchal,12,15,8,16,26,23
2017,335,RAMKOLA,KUSHINAGAR,0,23.85,14.43,0,57,28.25,0,1,Purvanchal,12,15,8,16,26,23
2017,336,RUDRAPUR,DEORIA,47.31,0,14.04,31.01,56.06,16.97,1,1,Purvanchal,12,15,8,16,26,23
2017,337,DEORIA,DEORIA,48.03,22.8,15.94,0,56.53,25.23,1,1,Purvanchal,12,15,8,16,26,23
2017,338,PATHARDEVA,DEORIA,52.09,29.65,11.89,0,60.31,22.44,1,1,Purvanchal,12,15,8,16,26,23
2017,339,RAMPUR KARKHANA,DEORIA,32.69,27.5,11.75,0,58.59,10.48,1,0,Purvanchal,12,15,8,16,26,23
2017,340,BHATPAR RANI,DEORIA,27.98,34.09,24.34,0,57.48,16.9,0,0,Purvanchal,12,15,8,16,26,23
2017,341,SALEMPUR,DEORIA,46.9,31.1,17.33,0,52.55,15.93,1,0,Purvanchal,12,15,8,16,26,23
2017,342,BARHAJ,DEORIA,36.76,16.46,29.82,0,57.62,13.35,1,0,Purvanchal,12,15,8,16,26,23
2017,343,ATRAULIA,AZAMGARH,34,35.17,26.77,0,58.79,25.48,0,1,Purvanchal,12,15,8,16,26,23
2017,344,GOPALPUR,AZAMGARH,29.59,37.5,28.67,0,56.34,27.43,0,0,Purvanchal,12,15,8,16,26,23
2017,345,SAGRI,AZAMGARH,22.77,31.67,34.73,0,54.72,19.49,0,0,Purvanchal,12,15,8,16,26,23
2017,346,MUBARAKPUR,AZAMGARH,23.05,36.28,36.64,0,60.84,22.17,0,0,Purvanchal,12,15,8,16,26,23
2017,347,AZAMGARH,AZAMGARH,28.9,41.17,27.2,0,57.05,26.2,0,0,Purvanchal,12,15,8,16,26,23
2017,348,NIZAMABAD,AZAMGARH,26.14,40.17,29.11,0,55.09,25.33,0,1,Purvanchal,12,15,8,16,26,23
2017,349,PHOOLPUR PAWAI,AZAMGARH,38.35,21.35,34.26,0,58.52,19.1,1,1,Purvanchal,12,15,8,16,26,23
2017,350,DIDARGANJ,AZAMGARH,26.67,31.2,33.15,0,54.87,23.02,0,1,Purvanchal,12,15,8,16,26,23
2017,351,LALGANJ,AZAMGARH,34.61,26.61,35.71,0,53.1,25.57,0,1,Purvanchal,12,15,8,16,26,23
2017,352,MEHNAGAR,AZAMGARH,0,34.15,29.78,0,52.24,28.55,0,0,Purvanchal,12,15,8,16,26,23
2017,353,MADHUBAN,MAU,40.26,0,25.58,26.53,56.68,24.48,1,1,Purvanchal,12,15,8,16,26,23
2017,354,GHOSI,MAU,36.54,24.52,33.64,0,58.89,23.58,1,0,Purvanchal,12,15,8,16,26,23
2017,355,MOHAMMADABAD GOHNA,MAU,34.7,28.27,34.45,0,59.29,27.35,1,0,Purvanchal,12,15,8,16,26,23
2017,356,MAU,MAU,0,27.07,36.39,0,60.15,26.42,0,1,Purvanchal,12,15,8,16,26,23
2017,357,BELTHARA ROAD,BALLIA,40.82,31.17,24.91,0,57.05,24.22,1,1,Purvanchal,12,15,8,16,26,23
2017,358,RASRA,BALLIA,30.23,19.16,47.77,0,57.54,18.35,0,0,Purvanchal,12,15,8,16,26,23
2017,359,SIKANDERPUR,BALLIA,42.24,27.94,21.24,0,57.4,19.46,1,0,Purvanchal,12,15,8,16,26,23
2017,360,PHEPHANA,BALLIA,39.51,28,29.49,0,56.73,27.17,1,1,Purvanchal,12,15,8,16,26,23
2017,361,BALLIA NAGAR,BALLIA,49.96,28.44,16.95,0,51.92,21.52,1,0,Purvanchal,12,15,8,16,26,23
2017,362,BANSDIH,BALLIA,0,24.39,18.46,0,54.47,13.54,0,0,Purvanchal,12,15,8,16,26,23
2017,363,BAIRIA,BALLIA,40.02,29.48,17.26,0,47.34,13.48,1,1,Purvanchal,12,15,8,16,26,23
2017,364,BADLAPUR,JAUNPUR,31.61,24.42,30.36,0,60.91,16.25,1,1,Purvanchal,12,15,8,16,26,23
2017,365,SHAHGANJ,JAUNPUR,0,31.65,23.89,0,60.95,13.88,0,1,Purvanchal,12,15,8,16,26,23
2017,366,JAUNPUR,JAUNPUR,40.04,0,18.56,34.6,57.75,16.03,1,1,Purvanchal,12,15,8,16,26,23
2017,367,MALHANI,JAUNPUR,18.76,33.4,22.16,0,60.04,17.94,0,1,Purvanchal,12,15,8,16,26,23
2017,368,MUNGRA BADSHAHPUR,JAUNPUR,31.14,0,34.04,29.02,57.72,27.83,0,0,Purvanchal,12,15,8,16,26,23
2017,369,MACHHLISHAHR,JAUNPUR,32.73,34.73,25.34,0,57.06,23.19,0,0,Purvanchal,12,15,8,16,26,23
2017,370,MARIAHU,JAUNPUR,0,26.36,20.59,0,58.43,10.97,0,1,Purvanchal,12,15,8,16,26,23
2017,371,ZAFRABAD,JAUNPUR,41.65,29.61,22.03,0,56.07,20.66,1,1,Purvanchal,12,15,8,16,26,23
2017,372,KERAKAT,JAUNPUR,37.02,30.3,29.19,0,58.46,28.07,1,0,Purvanchal,12,15,8,16,26,23
2017,373,JAKHANIA,GHAZIPUR,0,32.84,27.89,0,60.22,26.9,0,0,Purvanchal,12,15,8,16,26,23
2017,374,SAIDPUR,GHAZIPUR,31.88,35.96,28.02,0,59.85,26.87,0,0,Purvanchal,12,15,8,16,26,23
2017,375,GHAZIPUR,GHAZIPUR,43.12,27.85,25.75,0,63.04,25.06,1,0,Purvanchal,12,15,8,16,26,23
2017,376,JANGIPUR,GHAZIPUR,31.78,33.29,31.32,0,61.93,30.21,0,0,Purvanchal,12,15,8,16,26,23
2017,377,ZAHOORABAD,GHAZIPUR,0,28.01,29.72,0,61.55,26.85,0,0,Purvanchal,12,15,8,16,26,23
2017,378,MOHAMMADABAD,GHAZIPUR,53.08,0,38.86,4.31,58.31,34.55,1,1,Purvanchal,12,15,8,16,26,23
2017,379,ZAMANIA,GHAZIPUR,35.36,22.81,31.1,0,54.98,17.19,1,1,Purvanchal,12,15,8,16,26,23
2017,380,MUGHALSARAI,CHANDAULI,37.57,31.88,24.6,0,61.77,21.24,1,0,Purvanchal,12,15,8,16,26,23
2017,381,SAKALDIHA,CHANDAULI,32.07,39.47,25.78,0,63.69,24.9,0,0,Purvanchal,12,15,8,16,26,23
2017,382,SAIYADRAJA,CHANDAULI,39.89,22.67,32.56,0,62.28,21.92,1,1,Purvanchal,12,15,8,16,26,23
2017,383,CHAKIA,CHANDAULI,41.3,20.75,32.75,0,64.23,19.41,1,1,Purvanchal,12,15,8,16,26,23
2017,384,PINDRA,VARANASI,44.34,0,26.31,23.58,59.67,22.17,1,0,Purvanchal,12,15,8,16,26,23
2017,385,AJAGARA,VARANASI,0,28.4,23.87,0,65.26,19.94,0,1,Purvanchal,12,15,8,16,26,23
2017,386,SHIVPUR,VARANASI,48.47,24.66,20.47,0,66.77,23.81,1,0,Purvanchal,12,15,8,16,26,23
2017,387,ROHANIYA,VARANASI,51.28,26.66,13.06,0,61.64,24.62,1,1,Purvanchal,12,15,8,16,26,23
2017,388,VARANASI NORTH,VARANASI,50.95,0,14.31,30.97,59.2,19.98,1,1,Purvanchal,12,15,8,16,26,23
2017,389,VARANASI SOUTH,VARANASI,51.76,0,3.31,42.12,63.58,38.81,1,0,Purvanchal,12,15,8,16,26,23
2017,390,VARANASI CANTONMENT,VARANASI,58.26,0,6.2,31.32,55.2,26.94,1,0,Purvanchal,12,15,8,16,26,23
2017,391,SEVAPURI,VARANASI,0,26.27,17.27,0,64.85,23.82,0,1,Purvanchal,12,15,8,16,26,23
2017,392,BHADOHI,SANT RAVIDAS NAGAR,33.2,32.74,23.61,0,57.65,18.84,1,1,Purvanchal,12,15,8,16,26,23
2017,393,GYANPUR,SANT RAVIDAS NAGAR,22.12,18.77,21.22,0,56.75,17.95,0,0,Purvanchal,12,15,8,16,26,23
2017,394,AURAI,SANT RAVIDAS NAGAR,40.44,30.84,23.81,0,59.03,22.11,1,1,Purvanchal,12,15,8,16,26,23
2017,395,CHHANBEY,MIRZAPUR,0,17.2,20.18,0,60.41,29.41,0,0,Purvanchal,12,15,8,16,26,23
2017,396,MIRZAPUR,MIRZAPUR,48.48,22.99,22.18,0,58.49,25.49,1,0,Purvanchal,12,15,8,16,26,23
2017,397,MAJHAWAN,MIRZAPUR,44.9,18.41,27.76,0,63.75,17.14,1,0,Purvanchal,12,15,8,16,26,23
2017,398,CHUNAR,MIRZAPUR,48.76,20.03,18.04,0,64.55,28.73,1,0,Purvanchal,12,15,8,16,26,23
2017,399,MARIHAN,MIRZAPUR,44.7,0,22.15,25.14,69.09,20.98,1,1,Purvanchal,12,15,8,16,26,23
2017,400,GHORAWAL,SONBHADRA,47.82,23.7,22.21,0,65.28,24.12,1,0,Purvanchal,12,15,8,16,26,23
2017,401,ROBERTSGANJ,SONBHADRA,44.21,24.28,19.34,0,62.56,19.93,1,0,Purvanchal,12,15,8,16,26,23
2017,402,OBRA,SONBHADRA,47.93,20.75,17.88,0,52.87,27.19,1,0,Purvanchal,12,15,8,16,26,23
2017,403,DUDHI,SONBHADRA,0,0,32.2,23.44,63.82,19.11,0,0,Purvanchal,12,15,8,16,26,23
2022,1,BEHAT,SAHARANPUR,34.34,47.81,16.02,0.58,75.49,18.32,0,1,Western UP,26,12,6,4,30,22
2022,2,NAKUR,SAHARANPUR,38.47,38.35,20.36,0.5,76.06,19.04,1,1,Western UP,26,12,6,4,30,22
2022,3,SAHARANPUR NAGAR,SAHARANPUR,48.85,46.32,2.99,0.77,65.8,43.32,1,1,Western UP,26,12,6,4,30,22
2022,4,SAHARANPUR,SAHARANPUR,29.35,41.18,24.1,0.47,72.39,20.95,0,0,Western UP,26,12,6,4,30,22
2022,5,DEOBAND,SAHARANPUR,38.77,35.83,21.77,0.45,69.32,20.33,1,1,Western UP,26,12,6,4,30,22
2022,6,RAMPUR MANIHARAN,SAHARANPUR,38.37,0,29.5,0.66,71.6,25.95,1,1,Western UP,26,12,6,4,30,22
2022,7,GANGOH,SAHARANPUR,43.08,34.42,20.35,0.72,70,19.39,1,1,Western UP,26,12,6,4,30,22
2022,8,KAIRANA,PRABUDDHA NAGAR,43.46,54.16,0.86,0.63,75.01,42.6,0,1,Western UP,26,12,6,4,30,22
2022,9,THANA BHAWAN,PRABUDDHA NAGAR,42.53,0,5.05,0.36,67.86,37.48,0,1,Western UP,26,12,6,4,30,22
2022,10,SHAMLI,PRABUDDHA NAGAR,45.49,0,3.88,0.37,67.58,41.61,0,0,Western UP,26,12,6,4,30,22
2022,11,BUDHANA,MUZAFFARNAGAR,40.21,0,4.07,0.96,67.73,36.14,0,1,Western UP,26,12,6,4,30,22
2022,12,CHARTHAWAL,MUZAFFARNAGAR,41.42,43.82,11.31,0.43,67.05,30.11,0,0,Western UP,26,12,6,4,30,22
2022,13,PURQAZI,MUZAFFARNAGAR,40.05,0,12.91,0.82,65.2,27.13,0,1,Western UP,26,12,6,4,30,22
2022,14,MUZAFFARNAGAR,MUZAFFARNAGAR,49.57,0,4.76,0.75,62.59,36.52,1,1,Western UP,26,12,6,4,30,22
2022,15,KHATAULI,MUZAFFARNAGAR,45.34,0,14.15,0.54,69.65,23.83,1,1,Western UP,26,12,6,4,30,22
2022,16,MEERAPUR,MUZAFFARNAGAR,36.94,0,10.98,0.58,68.65,25.96,0,0,Western UP,26,12,6,4,30,22
2022,17,NAJIBABAD,BIJNOR,33.92,44.14,19.23,0.84,66.92,18.39,0,1,Rohilkhand,32,11,6,6,28,17
2022,18,NAGINA,BIJNOR,31.67,43.51,17.99,0.75,64.28,13.73,0,1,Rohilkhand,32,11,6,6,28,17
2022,19,BARHAPUR,BIJNOR,41.58,35.62,19.37,0.6,66.89,18.77,1,0,Rohilkhand,32,11,6,6,28,17
2022,20,DHAMPUR,BIJNOR,39.89,39.79,19.01,0.39,67.53,20.77,1,1,Rohilkhand,32,11,6,6,28,17
2022,21,NEHTAUR,BIJNOR,38.98,0,19.02,0.67,65.53,19.84,1,1,Rohilkhand,32,11,6,6,28,17
2022,22,BIJNOR,BIJNOR,38.54,0,20.64,0,64.2,19.73,1,1,Rohilkhand,32,11,6,6,28,17
2022,23,CHANDPUR,BIJNOR,40.24,40.34,16.65,0.66,68.72,23.59,0,1,Rohilkhand,32,11,6,6,28,17
2022,24,NOORPUR,BIJNOR,40.43,43.27,14.63,0.42,65.75,25.8,0,0,Rohilkhand,32,11,6,6,28,17
2022,25,KANTH,MORADABAD,33.42,49.19,13.27,0.54,70.14,20.15,0,0,Rohilkhand,32,11,6,6,28,17
2022,26,THAKURDWARA,MORADABAD,41.62,48.76,8.04,0.55,73.84,33.58,0,1,Rohilkhand,32,11,6,6,28,17
2022,27,MORADABAD RURAL,MORADABAD,34.34,56.88,5.4,1.03,64.44,28.94,0,1,Rohilkhand,32,11,6,6,28,17
2022,28,MORADABAD,MORADABAD,46.12,45.88,4.36,1.66,60.61,41.53,1,1,Rohilkhand,32,11,6,6,28,17
2022,29,KUNDARKI,MORADABAD,30.4,46.28,15.73,0.63,71.26,15.88,0,0,Rohilkhand,32,11,6,6,28,17
2022,30,BILARI,MORADABAD,36.73,39.92,17.76,0.59,66.36,18.97,0,0,Rohilkhand,32,11,6,6,28,17
2022,31,CHANDAUSI,BHEEM NAGAR,49.53,34.01,13.37,0.7,59.12,20.64,1,0,Rohilkhand,32,11,6,6,28,17
2022,32,ASMOLI,BHEEM NAGAR,33.23,42.92,16.34,0.58,68.44,16.89,0,1,Rohilkhand,32,11,6,6,28,17
2022,33,SAMBHAL,BHEEM NAGAR,26.7,43.73,18.15,0.92,64.36,17.03,0,1,Rohilkhand,32,11,6,6,28,17
2022,34,SUAR TANDA,RAMPUR,0,59.19,7.05,0.53,69.21,28.67,0,1,Rohilkhand,32,11,6,6,28,17
2022,35,CHAMRAUA,RAMPUR,33.24,50.34,5.17,9.08,64.94,24.16,0,1,Rohilkhand,32,11,6,6,28,17
2022,36,BILASPUR,RAMPUR,43.17,43.04,7.99,4.15,68.24,35.06,1,1,Rohilkhand,32,11,6,6,28,17
2022,37,RAMPUR,RAMPUR,34.62,59.71,2.25,1.82,56.35,32.37,0,0,Rohilkhand,32,11,6,6,28,17
2022,38,MILAK,RAMPUR,43.11,40.5,13.86,1.25,63.49,26.64,1,0,Rohilkhand,32,11,6,6,28,17
2022,39,DHANAURA,JYOTIBA PHULE NAGAR,42.29,37.6,18.04,0.57,70.13,19.56,1,0,Rohilkhand,32,11,6,6,28,17
2022,40,NAUGAWAN SADAT,JYOTIBA PHULE NAGAR,41.64,44.31,11.72,0.66,74.15,29.93,0,0,Rohilkhand,32,11,6,6,28,17
2022,41,AMROHA,JYOTIBA PHULE NAGAR,25.74,57.43,15.43,0.38,71.04,31.69,0,1,Rohilkhand,32,11,6,6,28,17
2022,42,HASANPUR,JYOTIBA PHULE NAGAR,44.67,36.35,13.44,0.64,73.68,22.91,1,0,Rohilkhand,32,11,6,6,28,17
2022,43,SIWALKHAS,MEERUT,39.61,0,12.82,0.67,68.92,26.79,0,0,Western UP,26,12,6,4,30,22
2022,44,SARDHANA,MEERUT,41.27,48.75,7.46,0.88,67.28,33.81,0,1,Western UP,26,12,6,4,30,22
2022,45,HASTINAPUR,MEERUT,46.72,43.55,6.18,0.66,66.87,37.36,1,0,Western UP,26,12,6,4,30,22
2022,46,KITHORE,MEERUT,41.33,42.19,12.29,0.63,69.46,29.04,0,1,Western UP,26,12,6,4,30,22
2022,47,MEERUT CANTONMENT,MEERUT,66.27,0,11.66,2.08,56.66,48.29,1,0,Western UP,26,12,6,4,30,22
2022,48,MEERUT,MEERUT,39.84,52.77,2.45,2.64,64.33,37.19,0,1,Western UP,26,12,6,4,30,22
2022,49,MEERUT SOUTH,MEERUT,43.46,40.79,13.36,0.79,61.92,27.44,1,0,Western UP,26,12,6,4,30,22
2022,50,CHAPRAULI,BAGHPAT,39.24,0,4.66,0.59,62.56,34.59,0,1,Western UP,26,12,6,4,30,22
2022,51,BARAUT,BAGHPAT,46.34,0,5.73,0.94,64.53,40.45,1,0,Western UP,26,12,6,4,30,22
2022,52,BAGHPAT,BAGHPAT,47.37,0,6.01,0.57,67.78,38.22,1,1,Western UP,26,12,6,4,30,22
2022,53,LONI,GHAZIABAD,40.44,0,8.16,0.65,61.49,29.02,1,1,Western UP,26,12,6,4,30,22
2022,54,MURADNAGAR,GHAZIABAD,61.63,0,7.5,2.57,59.72,35.35,1,1,Western UP,26,12,6,4,30,22
2022,55,SAHIBABAD,GHAZIABAD,67.03,22.43,5.01,2.13,47.03,44.6,1,1,Western UP,26,12,6,4,30,22
2022,56,GHAZIABAD,GHAZIABAD,61.37,18.25,13.36,4.83,51.57,43.12,1,1,Western UP,26,12,6,4,30,22
2022,57,MODINAGAR,GHAZIABAD,50.63,0,11.94,0.93,67.26,23.23,1,1,Western UP,26,12,6,4,30,22
2022,58,DHOLANA,PANCHSHEEL NAGAR,44.65,40.14,11.78,0.81,67.73,28.36,1,0,Western UP,26,12,6,4,30,22
2022,59,HAPUR,PANCHSHEEL NAGAR,39.69,0,20.58,1.3,66.78,19.29,1,1,Western UP,26,12,6,4,30,22
2022,60,GARMUKHTESHWAR,PANCHSHEEL NAGAR,44.07,32.94,18.6,0.7,67.66,16.54,1,0,Western UP,26,12,6,4,30,22
2022,61,NOIDA,GAUTAM BUDH NAGAR,70.16,18.04,4.68,3.88,48.74,52.12,1,1,Western UP,26,12,6,4,30,22
2022,62,DADRI,GAUTAM BUDH NAGAR,61.64,22.57,11.44,1.52,58.32,39.07,1,1,Western UP,26,12,6,4,30,22
2022,63,JEWAR,GAUTAM BUDH NAGAR,50.53,0,19.51,1.38,65.98,24.28,1,1,Western UP,26,12,6,4,30,22
2022,64,SIKANDRABAD,BULANDSHAHR,46,35.26,15.61,0.84,68.18,19.65,1,0,Western UP,26,12,6,4,30,22
2022,65,BULANDSHAHR,BULANDSHAHR,48.94,0,9.39,1.06,64.68,29.6,1,0,Western UP,26,12,6,4,30,22
2022,66,SYANA,BULANDSHAHR,58.9,0,14.29,1.15,65.44,35.41,1,0,Western UP,26,12,6,4,30,22
2022,67,ANUPSHAHR,BULANDSHAHR,52.64,0,20.11,5.58,62.86,32.53,1,0,Western UP,26,12,6,4,30,22
2022,68,DEBAI,BULANDSHAHR,58.6,27.61,11.17,0.89,62.92,30.99,1,0,Western UP,26,12,6,4,30,22
2022,69,SHIKARPUR,BULANDSHAHR,53.04,0,17.4,0.72,64.11,25.94,1,1,Western UP,26,12,6,4,30,22
2022,70,KHURJA,BULANDSHAHR,52.99,27.13,17.47,1.02,66.59,25.86,1,0,Western UP,26,12,6,4,30,22
2022,71,KHAIR,ALIGARH,55.55,0,25.98,0.6,61.89,29.57,1,0,Western UP,26,12,6,4,30,22
2022,72,BARAULI,ALIGARH,60.57,0,23.47,0.97,64.07,37.1,1,0,Western UP,26,12,6,4,30,22
2022,73,ATRAULI,ALIGARH,52.03,35.75,9.58,0.55,59.95,26.17,1,1,Western UP,26,12,6,4,30,22
2022,74,CHHARRA,ALIGARH,45.79,35.78,15.45,0.74,62.59,20.33,1,1,Western UP,26,12,6,4,30,22
2022,75,KOIL,ALIGARH,42.81,40.82,9.12,6.16,61.92,31.7,1,1,Western UP,26,12,6,4,30,22
2022,76,ALIGARH,ALIGARH,47.66,42.6,7.23,0.91,63.72,35.37,1,0,Western UP,26,12,6,4,30,22
2022,77,IGLAS,ALIGARH,52.35,0,15.63,3.21,61.18,24.35,1,1,Western UP,26,12,6,4,30,22
2022,78,HATHRAS,MAHAMAYA NAGAR,58.79,17.94,20.45,0.93,62.95,38.34,1,0,Western UP,26,12,6,4,30,22
2022,79,SADABAD,MAHAMAYA NAGAR,40.6,0,13.43,1.15,64.45,27.17,0,1,Western UP,26,12,6,4,30,22
2022,80,SIKANDRA RAO,MAHAMAYA NAGAR,41.63,38.19,17.73,0.49,62.31,20.46,1,1,Western UP,26,12,6,4,30,22
2022,81,CHHATA,MATHURA,52.18,0,12.67,0.62,65.29,20.53,1,1,Western UP,26,12,6,4,30,22
2022,82,MANT,MATHURA,37.35,26.95,33.09,0.57,64.98,26.32,1,1,Western UP,26,12,6,4,30,22
2022,83,GOVARDHAN,MATHURA,45.21,0,26.03,1.41,66.4,23.71,1,0,Western UP,26,12,6,4,30,22
2022,84,MATHURA,MATHURA,60.26,7.01,11.97,18.61,57.25,41.65,1,1,Western UP,26,12,6,4,30,22
2022,85,BALDEV,MATHURA,44.14,0,19.69,0.92,65.28,18.78,1,1,Western UP,26,12,6,4,30,22
2022,86,ETMADPUR,AGRA,48.77,16.18,32.83,0.44,67.52,16.65,1,0,Western UP,26,12,6,4,30,22
2022,87,AGRA CANTONMENT,AGRA,46.78,27.44,21.61,2.22,53.69,19.39,1,0,Western UP,26,12,6,4,30,22
2022,88,AGRA SOUTH,AGRA,52.39,25.23,18.32,2.33,56.64,27.16,1,1,Western UP,26,12,6,4,30,22
2022,89,AGRA NORTH,AGRA,63.89,14.29,17.22,2.46,54.97,46.67,1,0,Western UP,26,12,6,4,30,22
2022,90,AGRA RURAL,AGRA,52.63,0,23.26,1.44,61.01,29.36,1,0,Western UP,26,12,6,4,30,22
2022,91,FATEHPUR SIKRI,AGRA,46.14,0,24.55,0.49,67.89,23.88,1,0,Western UP,26,12,6,4,30,22
2022,92,KHERAGARH,AGRA,47.05,0,14.12,29.27,62.47,17.78,1,0,Western UP,26,12,6,4,30,22
2022,93,FATEHABAD,AGRA,50.46,25.77,18.99,0.32,67.01,24.69,1,0,Western UP,26,12,6,4,30,22
2022,94,BAH,AGRA,41.16,28.43,26.59,0.65,57.06,25.62,1,1,Western UP,26,12,6,4,30,22
2022,95,TUNDLA,FIROZABAD,49.46,30.26,16.49,0.78,66.53,19.2,1,1,Western UP,26,12,6,4,30,22
2022,96,JASRANA,FIROZABAD,43.37,43.71,6.84,0.78,67.37,36.53,0,0,Western UP,26,12,6,4,30,22
2022,97,FIROZABAD,FIROZABAD,43.43,30.71,14.53,0.45,58.96,16.18,1,1,Western UP,26,12,6,4,30,22
2022,98,SHIKOHABAD,FIROZABAD,41.18,45.14,10.81,0.61,65.65,30.37,0,1,Western UP,26,12,6,4,30,22
2022,99,SIRSAGANJ,FIROZABAD,41.99,46.22,9.01,0.58,64.62,32.98,0,1,Western UP,26,12,6,4,30,22
2022,100,KASGANJ,KANSHIRAM NAGAR,52.67,32.92,9.82,2.54,64.42,23.11,1,0,Western UP,26,12,6,4,30,22
2022,101,AMANPUR,KANSHIRAM NAGAR,50.4,27.74,18.5,0.7,61.47,22.66,1,0,Western UP,26,12,6,4,30,22
2022,102,PATIALI,KANSHIRAM NAGAR,40.06,41.88,13.95,0.57,60.97,26.11,0,0,Western UP,26,12,6,4,30,22
2022,103,ALIGANJ,ETAH,45.44,43.76,7.84,0.46,66.12,35.92,1,1,Western UP,26,12,6,4,30,22
2022,104,ETAH,ETAH,46.34,38.15,12.77,0.71,62.1,25.38,1,1,Western UP,26,12,6,4,30,22
2022,105,MARHARA,ETAH,49.01,40.5,8.17,0.41,66.62,32.33,1,0,Western UP,26,12,6,4,30,22
2022,106,JALESAR,ETAH,45.1,42.91,9.56,0.42,68.01,33.35,1,0,Western UP,26,12,6,4,30,22
2022,107,MAINPURI,MAINPURI,46.73,43.56,8.06,1.2,61.76,35.5,1,1,Western UP,26,12,6,4,30,22
2022,108,BHONGAON,MAINPURI,45.18,42.97,6.58,0.99,62.22,36.39,1,1,Western UP,26,12,6,4,30,22
2022,109,KISHNI,MAINPURI,39.8,49.58,8.56,0.8,63.01,31.24,0,0,Western UP,26,12,6,4,30,22
2022,110,KARHAL,MAINPURI,32.74,60.12,6.37,0,65.98,27.39,0,0,Western UP,26,12,6,4,30,22
2022,111,GUNNAUR,BADAUN,39.14,51.38,6.24,0.7,58.64,32.89,0,1,Rohilkhand,32,11,6,6,28,17
2022,112,BISAULI,BADAUN,43.5,44.23,9.38,0.44,59.26,34.12,0,1,Rohilkhand,32,11,6,6,28,17
2022,113,SAHASWAN,BADAUN,26.55,33.35,27.79,0.45,58.86,16.96,0,0,Rohilkhand,32,11,6,6,28,17
2022,114,BILSI,BADAUN,45.54,33.31,15.44,0.92,57.65,17.87,1,0,Rohilkhand,32,11,6,6,28,17
2022,115,BADAUN,BADAUN,46.12,41.02,10.56,1.02,58.01,30.47,1,1,Rohilkhand,32,11,6,6,28,17
2022,116,SHEKHUPUR,BADAUN,40.36,42.84,14.18,0.59,60.89,26.18,0,1,Rohilkhand,32,11,6,6,28,17
2022,117,DATAGANJ,BADAUN,45.34,41.35,8.67,1.02,58.27,32.68,1,1,Rohilkhand,32,11,6,6,28,17
2022,118,BAHERI,BAREILLY,45.41,46.67,5.95,0.69,72.47,39.46,0,1,Rohilkhand,32,11,6,6,28,17
2022,119,MEERGANJ,BAREILLY,50.98,36.76,8.4,2.32,67.12,28.36,1,1,Rohilkhand,32,11,6,6,28,17
2022,120,BHOJIPURA,BAREILLY,42.26,45.88,10.34,0.75,68.73,31.92,0,1,Rohilkhand,32,11,6,6,28,17
2022,121,NAWABGANJ,BAREILLY,48.2,44.2,4.81,0.88,67.8,39.39,1,0,Rohilkhand,32,11,6,6,28,17
2022,122,FARIDPUR,BAREILLY,45.22,43.78,7.11,0.86,62.02,36.67,1,1,Rohilkhand,32,11,6,6,28,17
2022,123,BITHARI CHAINPUR,BAREILLY,46.53,40.15,9.16,0.6,62.76,30.98,1,0,Rohilkhand,32,11,6,6,28,17
2022,124,BAREILLY CITY,BAREILLY,53.77,40.3,2.91,0.96,52.02,37.39,1,1,Rohilkhand,32,11,6,6,28,17
2022,125,BAREILLY CANTONMENT,BAREILLY,50.43,44.94,1.72,1.16,51.53,43.22,1,0,Rohilkhand,32,11,6,6,28,17
2022,126,AONLA,BAREILLY,46.45,36.83,9.8,1.2,61.1,27.03,1,1,Rohilkhand,32,11,6,6,28,17
2022,127,PILIBHIT,PILIBHIT,48.08,45.41,4.64,0.4,68.41,40.78,1,1,Rohilkhand,32,11,6,6,28,17
2022,128,BARKHERA,PILIBHIT,63.8,29.55,3.94,1.14,73.17,34.25,1,0,Rohilkhand,32,11,6,6,28,17
2022,129,PURANPUR,PILIBHIT,50.12,40.21,5.99,0.77,69.53,34.22,1,0,Rohilkhand,32,11,6,6,28,17
2022,130,BISALPUR,PILIBHIT,50.55,29.52,15.02,0.58,66.12,21.04,1,0,Rohilkhand,32,11,6,6,28,17
2022,131,KATRA,SHAHJAHANPUR,39.9,39.72,7.81,8.98,57.46,30.74,1,0,Rohilkhand,32,11,6,6,28,17
2022,132,JALALABAD,SHAHJAHANPUR,45.97,43.86,7.41,0.58,58.95,36.45,1,0,Rohilkhand,32,11,6,6,28,17
2022,133,TILHAR,SHAHJAHANPUR,47.93,41.71,5.76,1.44,59.86,35.95,1,1,Rohilkhand,32,11,6,6,28,17
2022,134,POWAYAN,SHAHJAHANPUR,55.62,33.52,7.2,1.07,60.29,26.32,1,1,Rohilkhand,32,11,6,6,28,17
2022,135,SHAHJAHANPUR,SHAHJAHANPUR,48.98,44.83,3.89,0.62,54.1,40.95,1,1,Rohilkhand,32,11,6,6,28,17
2022,136,DADRAUL,SHAHJAHANPUR,45.06,40.73,9.67,0.64,62.83,31.06,1,1,Rohilkhand,32,11,6,6,28,17
2022,137,PALIA,LAKHIMPUR KHERI,50.2,34.1,11.76,1.91,65.46,22.33,1,0,Doab/Awadh,14,14,10,11,24,27
2022,138,NIGHASAN,LAKHIMPUR KHERI,53.41,36.1,6.5,1.17,69.43,29.6,1,1,Doab/Awadh,14,14,10,11,24,27
2022,139,GOLA GOKRANNATH,LAKHIMPUR KHERI,48.67,37.4,10.37,1.35,65.4,27.03,1,1,Doab/Awadh,14,14,10,11,24,27
2022,140,SRINAGAR,LAKHIMPUR KHERI,47.21,39.53,10.07,0.93,71.59,29.46,1,1,Doab/Awadh,14,14,10,11,24,27
2022,141,DHAUREHRA,LAKHIMPUR KHERI,49.49,38.76,7.03,0.53,68.9,31.73,1,0,Doab/Awadh,14,14,10,11,24,27
2022,142,LAKHIMPUR,LAKHIMPUR KHERI,47.38,39.74,8.91,1.05,65.18,30.83,1,1,Doab/Awadh,14,14,10,11,24,27
2022,143,KASTA,LAKHIMPUR KHERI,47.93,41.52,7.58,0.91,69.32,33.94,1,1,Doab/Awadh,14,14,10,11,24,27
2022,144,MOHAMMADI,KHERI,42.75,40.66,13.4,1.04,68.48,27.26,1,1,Doab/Awadh,14,14,10,11,24,27
2022,145,MAHOLI,SITAPUR,44.73,39.87,10.18,0.88,65.92,29.68,1,1,Doab/Awadh,14,14,10,11,24,27
2022,146,SITAPUR,SITAPUR,42.72,42.18,7.31,1.24,57.98,34.88,1,0,Doab/Awadh,14,14,10,11,24,27
2022,147,HARGAON,SITAPUR,52.46,35.31,7.3,1.41,67.92,28.01,1,1,Doab/Awadh,14,14,10,11,24,27
2022,148,LAHARPUR,SITAPUR,41.57,47.05,8.25,0.65,67.54,33.32,0,1,Doab/Awadh,14,14,10,11,24,27
2022,149,BISWAN,SITAPUR,44.77,40.35,10.17,1.97,69.9,30.17,1,0,Doab/Awadh,14,14,10,11,24,27
2022,150,SEVATA,SITAPUR,48.43,39.34,7.64,1.34,70.96,31.7,1,1,Doab/Awadh,14,14,10,11,24,27
2022,151,MAHMUDABAD,SITAPUR,41.89,39.51,16.06,0.8,69.42,23.45,1,1,Doab/Awadh,14,14,10,11,24,27
2022,152,SIDHAULI,SITAPUR,43.58,39.6,12.94,0.97,68.46,26.66,1,1,Doab/Awadh,14,14,10,11,24,27
2022,153,MISRIKH,SITAPUR,41.15,0,15.66,0.89,61.42,20.32,1,1,Doab/Awadh,14,14,10,11,24,27
2022,154,SAWAIJPUR,HARDOI,46.03,35.68,8.55,4.59,61.41,27.13,1,0,Doab/Awadh,14,14,10,11,24,27
2022,155,SHAHABAD,HARDOI,40.49,37.72,16.05,0.67,65.5,21.67,1,1,Doab/Awadh,14,14,10,11,24,27
2022,156,HARDOI,HARDOI,53.19,35.39,8.63,0.84,57.03,26.76,1,1,Doab/Awadh,14,14,10,11,24,27
2022,157,GOPAMAU,HARDOI,43.07,39.32,14.89,0.66,61.81,24.43,1,1,Doab/Awadh,14,14,10,11,24,27
2022,158,SANDI,HARDOI,41.7,36.97,15.64,1.56,58.59,21.33,1,1,Doab/Awadh,14,14,10,11,24,27
2022,159,BILGRAM - MALANWAN,HARDOI,34.96,24.36,15.23,22.32,61.09,14.46,1,1,Doab/Awadh,14,14,10,11,24,27
2022,160,BALAMAU,HARDOI,42.84,29.13,22.23,2.15,54.91,20.08,1,1,Doab/Awadh,14,14,10,11,24,27
2022,161,SANDILA,HARDOI,49.76,0,31.61,1.69,59.72,19.55,1,0,Doab/Awadh,14,14,10,11,24,27
2022,162,BANGARMAU,UNNAO,44.7,36.94,12.55,2.6,56.8,24.39,1,1,Doab/Awadh,14,14,10,11,24,27
2022,163,SAFIPUR,UNNAO,52.13,34.85,10.01,0.76,56.94,24.84,1,1,Doab/Awadh,14,14,10,11,24,27
2022,164,MOHAN,UNNAO,53.45,33.08,9.82,1.29,61.62,23.26,1,1,Doab/Awadh,14,14,10,11,24,27
2022,165,UNNAO,UNNAO,51.62,38.94,6.36,0.63,59.62,32.58,1,1,Doab/Awadh,14,14,10,11,24,27
2022,166,BHAGWANT NAGAR,UNNAO,51.28,33.93,11.47,1.04,59.16,22.46,1,0,Doab/Awadh,14,14,10,11,24,27
2022,167,PURWA,UNNAO,52.27,40.14,4.12,0.73,61.53,36.02,1,0,Doab/Awadh,14,14,10,11,24,27
2022,168,MALIHABAD,LUCKNOW,44.15,40.93,10.76,0.89,67.02,30.18,1,1,Doab/Awadh,14,14,10,11,24,27
2022,169,BAKSHI KAA TALAB,LUCKNOW,46.36,37.65,11.02,2.84,69.59,26.63,1,0,Doab/Awadh,14,14,10,11,24,27
2022,170,SAROJINI NAGAR,LUCKNOW,49.07,31.9,10.19,6.02,57.93,21.71,1,0,Doab/Awadh,14,14,10,11,24,27
2022,171,LUCKNOW WEST,LUCKNOW,45.03,48.19,3.89,1.08,58.29,41.13,0,0,Doab/Awadh,14,14,10,11,24,27
2022,172,LUCKNOW NORTH,LUCKNOW,53.3,40.29,3.43,1.24,56.24,36.87,1,1,Doab/Awadh,14,14,10,11,24,27
2022,173,LUCKNOW EAST,LUCKNOW,59.4,32.7,3.82,1.74,55.8,28.88,1,1,Doab/Awadh,14,14,10,11,24,27
2022,174,LUCKNOW CENTRAL,LUCKNOW,44.43,49.62,2.94,1.39,56.63,41.49,0,0,Doab/Awadh,14,14,10,11,24,27
2022,175,LUCKNOW CANTONMENT,LUCKNOW,54.7,34.71,5.27,3.29,53.34,29.44,1,1,Doab/Awadh,14,14,10,11,24,27
2022,176,MOHANLALGANJ,LUCKNOW,43.58,36.84,12.87,1.22,67.55,23.98,1,0,Doab/Awadh,14,14,10,11,24,27
2022,177,BACHHRAWAN,RAE BARELI,0,31.38,6.55,27.13,62,20.57,0,0,Doab/Awadh,14,14,10,11,24,27
2022,178,TILOI,CHHATRAPATHI SHAHUJI MAHARAJ GAR,48.54,34.96,2.99,10.72,58.37,24.23,1,1,Doab/Awadh,14,14,10,11,24,27
2022,179,HARCHANDPUR,RAE BARELI,38.69,45.87,3.64,8.05,63.02,30.64,0,1,Doab/Awadh,14,14,10,11,24,27
2022,180,RAE BARELI,RAE BARELI,44.51,41.4,4.06,6.5,62.51,34.9,1,1,Doab/Awadh,14,14,10,11,24,27
2022,181,SALON,CHHATRAPATHI SHAHUJI MAHARAJ GAR,43.79,42.73,4.66,5.71,57.37,37.02,1,0,Doab/Awadh,14,14,10,11,24,27
2022,182,SARENI,RAE BARELI,28.78,30.53,17.61,19.71,58.28,16.96,0,1,Doab/Awadh,14,14,10,11,24,27
2022,183,UNCHAHAR,RAE BARELI,35.79,38.92,16.36,4.71,62.46,19.43,0,1,Doab/Awadh,14,14,10,11,24,27
2022,184,JAGDISHPUR,CHHATRAPATHI SHAHUJI MAHARAJ GAR,43.94,13.76,5.02,32.71,53.76,18.95,1,0,Doab/Awadh,14,14,10,11,24,27
2022,185,GAURIGANJ,CHHATRAPATHI SHAHUJI MAHARAJ GAR,35.53,38.96,4.87,14.28,57.82,21.25,0,1,Doab/Awadh,14,14,10,11,24,27
2022,186,AMETHI,CHHATRAPATHI SHAHUJI MAHARAJ GAR,36.93,46.46,5.37,7.42,54.2,29.52,0,0,Doab/Awadh,14,14,10,11,24,27
2022,187,ISAULI,BADAUN,34.21,34.34,26.69,1.14,56.44,25.06,0,0,Rohilkhand,32,11,6,6,28,17
2022,188,SULTANPUR,SULTANPUR,42.24,41.78,10.26,1.21,57.55,31.52,1,0,Doab/Awadh,14,14,10,11,24,27
2022,189,SADAR,SULTANPUR,41.89,34.15,19.62,2.03,58.89,17.59,1,0,Doab/Awadh,14,14,10,11,24,27
2022,190,LAMBHUA,SULTANPUR,39.37,34.85,19.98,0.92,56.81,18.77,1,0,Doab/Awadh,14,14,10,11,24,27
2022,191,KADIPUR,SULTANPUR,43.44,31.85,20.9,1.46,58.29,19.44,1,0,Doab/Awadh,14,14,10,11,24,27
2022,192,KAIMGANJ,FARRUKHABAD,0,39.97,7.65,0.93,61.42,32.32,0,0,Doab/Awadh,14,14,10,11,24,27
2022,193,AMRITPUR,FARRUKHABAD,53.1,29.1,7.01,0.71,59.2,24.01,1,1,Doab/Awadh,14,14,10,11,24,27
2022,194,FARRUKHABAD,FARRUKHABAD,53.83,34.99,7.96,0.98,56.13,27.03,1,1,Doab/Awadh,14,14,10,11,24,27
2022,195,BHOJPUR,FARRUKHABAD,50.68,36.76,7.97,1.04,61.65,28.8,1,1,Doab/Awadh,14,14,10,11,24,27
2022,196,CHHIBRAMAU,KANNAUJ,44.31,43.91,7.81,0.42,60.68,36.1,1,1,Doab/Awadh,14,14,10,11,24,27
2022,197,TIRWA,KANNAUJ,44.51,42.57,9.69,0,62.54,32.89,1,0,Doab/Awadh,14,14,10,11,24,27
2022,198,KANNAUJ,KANNAUJ,44.53,42.29,9.67,0.66,63.22,32.62,1,1,Doab/Awadh,14,14,10,11,24,27
2022,199,JASWANTNAGAR,ETAWAH,27.1,62.97,6.91,0,64.63,35.87,0,1,Doab/Awadh,14,14,10,11,24,27
2022,200,ETAWAH,ETAWAH,39.97,38.35,18.95,0.6,60.1,19.4,1,0,Doab/Awadh,14,14,10,11,24,27
2022,201,BHARTHANA,ETAWAH,38.96,42.02,15.24,0.75,60.48,23.72,0,0,Doab/Awadh,14,14,10,11,24,27
2022,202,BIDHUNA,AURAIYA,39.19,42.59,14.11,0.48,62.51,25.08,0,0,Doab/Awadh,14,14,10,11,24,27
2022,203,DIBIYAPUR,AURAIYA,40.1,40.34,15.71,0.76,61.78,24.39,0,0,Doab/Awadh,14,14,10,11,24,27
2022,204,AURAIYA,AURAIYA,45.28,33.81,18.47,0.58,58.54,17.86,1,0,Doab/Awadh,14,14,10,11,24,27
2022,205,RASULABAD,RAMABAI NAGAR,46.77,35.8,14.36,0.67,61.13,21.44,1,0,Doab/Awadh,14,14,10,11,24,27
2022,206,AKBARPUR - RANIYA,RAMABAI NAGAR,43.82,37.49,15.22,0.78,64.87,22.27,1,1,Doab/Awadh,14,14,10,11,24,27
2022,207,SIKANDRA,RAMABAI NAGAR,44.89,29.05,18.08,2.59,60.64,15.84,1,0,Doab/Awadh,14,14,10,11,24,27
2022,208,BHOGNIPUR,RAMABAI NAGAR,40.25,34.8,21.7,0.7,62.93,21,1,0,Doab/Awadh,14,14,10,11,24,27
2022,209,BILAUR,KANPUR GRAMEEN,50.34,33.02,12.85,1.03,62.72,20.17,1,0,Doab/Awadh,14,14,10,11,24,27
2022,210,BITHOOR,KANPUR GRAMEEN,44.46,35.73,15.31,1.84,65.52,20.42,1,0,Doab/Awadh,14,14,10,11,24,27
2022,211,KALYANPUR,KANPUR GRAMEEN,52.71,41.24,3.52,1.23,52.51,37.72,1,1,Doab/Awadh,14,14,10,11,24,27
2022,212,GOVIND NAGAR,KANPUR GRAMEEN,61.13,19.05,4.34,13.67,54.52,42.09,1,1,Doab/Awadh,14,14,10,11,24,27
2022,213,SISAMAU,KANPUR NAGAR,42.83,50.68,1.88,3.6,56.88,39.23,0,1,Doab/Awadh,14,14,10,11,24,27
2022,214,ARYANAGAR,KANPUR NAGAR,45.35,50.56,0.91,2.18,50.76,43.17,0,1,Doab/Awadh,14,14,10,11,24,27
2022,215,KIDWAI NAGAR,KANPUR NAGAR,55.39,4.08,1.87,37.06,59.44,32.98,1,0,Doab/Awadh,14,14,10,11,24,27
2022,216,KANPUR CANTONMENT,KANPUR NAGAR,39.44,49.99,1.79,7.01,52.24,32.44,0,1,Doab/Awadh,14,14,10,11,24,27
2022,217,MAHARAJPUR,KANPUR NAGAR,60.6,28,5.99,2.89,56.72,32.61,1,1,Doab/Awadh,14,14,10,11,24,27
2022,218,GHATAMPUR,KANPUR NAGAR,0,34.23,16.53,1.93,60.81,17.7,0,1,Doab/Awadh,14,14,10,11,24,27
2022,219,MADHOGARH,JALAUN,41.29,24.74,27.57,1.23,57.3,23.5,1,1,Bundelkhand,7,16,9,12,31,25
2022,220,KALPI,JALAUN,0,29.48,27.32,6.42,59.84,20.9,0,0,Bundelkhand,7,16,9,12,31,25
2022,221,ORAI,JALAUN,47.45,33.56,14.25,1.72,60.66,19.31,1,1,Bundelkhand,7,16,9,12,31,25
2022,222,BABINA,JHANSI,50.44,31.46,13.02,0.99,70.55,18.98,1,1,Bundelkhand,7,16,9,12,31,25
2022,223,JHANSI NAGAR,JHANSI,58.65,28.45,7.06,3.5,59.6,30.2,1,1,Bundelkhand,7,16,9,12,31,25
2022,224,MAURANIPUR,JHANSI,0,30.68,11.78,1.2,66.69,21.15,0,0,Bundelkhand,7,16,9,12,31,25
2022,225,GARAUTHA,JHANSI,48.34,34.07,12.43,1.4,66.89,21.64,1,0,Bundelkhand,7,16,9,12,31,25
2022,226,LALITPUR,LALITPUR,52.99,20.59,20.81,1.18,68.14,32.18,1,1,Bundelkhand,7,16,9,12,31,25
2022,227,MEHRONI,LALITPUR,54.86,17.33,22.07,1.29,74.66,32.79,1,1,Bundelkhand,7,16,9,12,31,25
2022,228,HAMIRPUR,HAMIRPUR,40.14,30.44,18.01,6.26,63.43,12.43,1,0,Bundelkhand,7,16,9,12,31,25
2022,229,RATH,HAMIRPUR,53.79,29.87,9.37,1.99,64.64,23.92,1,0,Bundelkhand,7,16,9,12,31,25
2022,230,MAHOBA,MAHOBA,45.61,24.64,18.48,4.55,64.97,20.97,1,1,Bundelkhand,7,16,9,12,31,25
2022,231,CHARKHARI,MAHOBA,45.75,26.97,18.42,3.22,64.13,18.77,1,0,Bundelkhand,7,16,9,12,31,25
2022,232,TINDWARI,BANDA,44.24,29.76,20.1,1.32,61.46,18.64,1,1,Bundelkhand,7,16,9,12,31,25
2022,233,BABERU,BANDA,35.15,38.75,18.01,1.03,60.58,17.14,0,0,Bundelkhand,7,16,9,12,31,25
2022,234,NARAINI,BANDA,38.91,35.77,17.23,0.84,62.42,18.54,1,0,Bundelkhand,7,16,9,12,31,25
2022,235,BANDA,BANDA,41.34,33.63,19.4,0.96,63.12,17.49,1,1,Bundelkhand,7,16,9,12,31,25
2022,236,CHITRAKOOT,CHITRAKOOT,34.62,43.23,15.97,0.89,64.32,18.64,0,1,Bundelkhand,7,16,9,12,31,25
2022,237,MANIKPUR,CHITRAKOOT,0,34.67,21.82,1.98,61.2,19.84,0,0,Bundelkhand,7,16,9,12,31,25
2022,238,JAHANABAD,FATEHPUR,41.21,31.66,20.58,1.86,61.19,18.72,1,0,Doab/Awadh,14,14,10,11,24,27
2022,239,BINDKI,FATEHPUR,0,38.97,12.24,2.95,60.91,26.73,0,0,Doab/Awadh,14,14,10,11,24,27
2022,240,FATEHPUR,FATEHPUR,41.22,45.24,9.51,0.84,59.45,31.71,0,1,Doab/Awadh,14,14,10,11,24,27
2022,241,AYAH SHAH,FATEHPUR,44.4,36.3,13.74,1.09,58.17,22.55,1,1,Doab/Awadh,14,14,10,11,24,27
2022,242,HUSAINGANJ,FATEHPUR,35.41,48.78,11.15,2.68,61.74,24.26,0,0,Doab/Awadh,14,14,10,11,24,27
2022,243,KHAGA,FATEHPUR,41.87,39.12,11.06,1.89,58.18,28.06,1,1,Doab/Awadh,14,14,10,11,24,27
2022,244,RAMPUR KHAS,PRATAPGARH,41.49,0,2.93,50.27,52.08,38.56,0,1,Purvanchal,12,15,8,16,26,23
2022,245,BABAGANJ,PRATAPGARH,18.22,30.88,5.23,0.9,52.01,12.99,0,0,Purvanchal,12,15,8,16,26,23
2022,246,KUNDA,PRATAPGARH,8.36,35.19,1.7,0.28,54.81,26.83,0,1,Purvanchal,12,15,8,16,26,23
2022,247,BISHWAVNATHGANJ,PRATAPGARH,0,19.3,8.28,0.95,50.17,23.91,0,0,Purvanchal,12,15,8,16,26,23
2022,248,PRATAPGARH,PRATAPGARH,45.8,0,9.82,3.23,54.83,23.19,1,0,Purvanchal,12,15,8,16,26,23
2022,249,PATTI,PRATAPGARH,38.79,48.73,9.69,0.66,60.24,29.1,0,1,Purvanchal,12,15,8,16,26,23
2022,250,RANIGANJ,PRATAPGARH,38.65,40.05,11.35,0.57,55.87,27.3,0,1,Purvanchal,12,15,8,16,26,23
2022,251,SIRATHU,KAUSHAMBI,43.28,46.49,4.41,0.37,59.85,38.87,0,0,Purvanchal,12,15,8,16,26,23
2022,252,MANJHANPUR,KAUSHAMBI,37.93,47.2,9.88,1.37,61.57,28.05,0,0,Purvanchal,12,15,8,16,26,23
2022,253,CHAIL,KAUSHAMBI,0,39.65,14,1.81,57.62,19.75,0,0,Purvanchal,12,15,8,16,26,23
2022,254,PHAPHAMAU,ALLAHABAD,43.26,36.47,12.95,1.13,57.48,23.52,1,0,Purvanchal,12,15,8,16,26,23
2022,255,SORAON,ALLAHABAD,0,40.99,13.11,0.91,58.51,25.38,0,0,Purvanchal,12,15,8,16,26,23
2022,256,PHULPUR,ALLAHABAD,42,40.89,13.4,0.66,60.09,27.49,1,0,Purvanchal,12,15,8,16,26,23
2022,257,PRATAPPUR,ALLAHABAD,0,40.09,15.36,1.31,55.69,19.91,0,0,Purvanchal,12,15,8,16,26,23
2022,258,HANDIA,ALLAHABAD,0,39.36,15.8,0.68,53.25,21.92,0,0,Purvanchal,12,15,8,16,26,23
2022,259,MEJA,ALLAHABAD,40.28,42.12,12.3,0.83,57.28,27.98,0,1,Purvanchal,12,15,8,16,26,23
2022,260,KARACHHANA,ALLAHABAD,44.06,39.47,10.8,2.14,57.93,28.67,1,1,Purvanchal,12,15,8,16,26,23
2022,261,ALLAHABAD WEST,ALLAHABAD,53.29,39.86,3.42,1.03,48.36,36.44,1,1,Purvanchal,12,15,8,16,26,23
2022,262,ALLAHABAD NORTH,ALLAHABAD,55.07,23.88,5.46,13.4,39.34,31.19,1,1,Purvanchal,12,15,8,16,26,23
2022,263,ALLAHABAD SOUTH,ALLAHABAD,54.14,39.66,2.33,1.16,43.96,37.33,1,1,Purvanchal,12,15,8,16,26,23
2022,264,BARA,ALLAHABAD,0,37.38,11.08,1.68,61.16,26.31,0,0,Purvanchal,12,15,8,16,26,23
2022,265,KORAON,ALLAHABAD,40.74,28.95,12.71,10.34,58.89,16.24,1,0,Purvanchal,12,15,8,16,26,23
2022,266,KURSI,BARABANKI,41.15,41.07,12.33,0.97,72.9,28.75,1,0,Doab/Awadh,14,14,10,11,24,27
2022,267,RAM NAGAR,BARABANKI,41.85,41.96,9.88,1.88,69.23,31.97,0,1,Doab/Awadh,14,14,10,11,24,27
2022,268,BARABANKI,BARABANKI,33.95,47.11,15.96,1.71,67.61,18,0,0,Doab/Awadh,14,14,10,11,24,27
2022,269,ZAIDPUR,BARABANKI,39.79,40.86,6.62,10.32,69.84,29.47,0,1,Doab/Awadh,14,14,10,11,24,27
2022,270,DARIYABAD,BARABANKI,46.87,35.03,10.37,0.84,66.42,24.66,1,0,Doab/Awadh,14,14,10,11,24,27
2022,271,RUDAULI,FAIZABAD,42.95,24.4,23.84,1.49,61.26,19.29,1,0,Doab/Awadh,14,14,10,11,24,27
2022,272,HAIDERGARH,BARABANKI,50.9,39.73,5.32,1.74,65.63,34.41,1,0,Doab/Awadh,14,14,10,11,24,27
2022,273,MILKIPUR,FAIZABAD,41.83,47.99,6.66,1.46,60.23,35.17,0,0,Doab/Awadh,14,14,10,11,24,27
2022,274,BIKAPUR,FAIZABAD,44.34,42.04,8.84,1.82,63.44,33.2,1,0,Doab/Awadh,14,14,10,11,24,27
2022,275,AYODHYA,FAIZABAD,49.04,40.4,7.66,0.87,60.47,32.74,1,0,Doab/Awadh,14,14,10,11,24,27
2022,276,GOSHAINGANJ,FAIZABAD,38.45,43.87,15.45,0.55,60.93,23.01,0,0,Doab/Awadh,14,14,10,11,24,27
2022,277,KATEHARI,AMBEDKAR NAGAR,0,37.78,23.62,0.83,62.51,22.8,0,0,Doab/Awadh,14,14,10,11,24,27
2022,278,TANDA,AMBEDKAR NAGAR,28.84,43.49,20.64,0.9,66.11,17.25,0,0,Doab/Awadh,14,14,10,11,24,27
2022,279,ALAPUR,AMBEDKAR NAGAR,31.05,35.55,25.43,0.84,61.1,22.18,0,0,Doab/Awadh,14,14,10,11,24,27
2022,280,JALALPUR,AMBEDKAR NAGAR,27.52,36.18,30.91,0.67,63.22,26.58,0,0,Doab/Awadh,14,14,10,11,24,27
2022,281,AKBARPUR,AMBEDKAR NAGAR,32.39,38.14,24.85,1.27,64.16,23.58,0,1,Doab/Awadh,14,14,10,11,24,27
2022,282,BALHA,BAHRAICH,46.78,39.06,7.25,0.99,59.11,31.81,1,1,Doab/Awadh,14,14,10,11,24,27
2022,283,NANPARA,BAHRAICH,0,37.81,8.99,1.08,58.16,28.82,0,1,Doab/Awadh,14,14,10,11,24,27
2022,284,MATERA,BAHRAICH,43.24,48.15,4.2,1.4,61.95,39.04,0,0,Doab/Awadh,14,14,10,11,24,27
2022,285,MAHSI,BAHRAICH,54.58,34.82,4.93,2.24,63.52,29.89,1,1,Doab/Awadh,14,14,10,11,24,27
2022,286,BAHRAICH,BAHRAICH,46.45,44.69,4.44,1.41,59.02,40.25,1,1,Doab/Awadh,14,14,10,11,24,27
2022,287,PAYAGPUR,BAHRAICH,47.77,42.54,4.87,1.28,59.02,37.67,1,1,Doab/Awadh,14,14,10,11,24,27
2022,288,KAISERGANJ,BAHRAICH,42.11,45.51,6.11,0.79,57.88,36,0,0,Doab/Awadh,14,14,10,11,24,27
2022,289,BHINGA,SHRAVASTI,38.98,44.85,9.32,1.35,58.56,29.66,0,0,Doab/Awadh,14,14,10,11,24,27
2022,290,SHRAWASTI,SHRAVASTI,38.98,38.4,16.21,1.84,60.57,22.19,1,0,Doab/Awadh,14,14,10,11,24,27
2022,291,TULSIPUR,BALRAMPUR,42.92,21.11,4,2.06,52.68,17.64,1,0,Doab/Awadh,14,14,10,11,24,27
2022,292,GAINSARI,BALRAMPUR,36.61,39.68,16.81,2.1,51.79,19.8,0,0,Doab/Awadh,14,14,10,11,24,27
2022,293,UTRAULA,BALRAMPUR,44.43,33.33,4.93,6.6,44.92,26.74,1,0,Doab/Awadh,14,14,10,11,24,27
2022,294,BALRAMPUR,BALRAMPUR,48.93,43.62,2.6,1.25,48.08,41.02,1,0,Doab/Awadh,14,14,10,11,24,27
2022,295,MEHNAUN,GONDA,50.05,39.22,5.08,2.56,58.38,34.15,1,0,Doab/Awadh,14,14,10,11,24,27
2022,296,GONDA,GONDA,48.21,44.87,2.88,1.35,57.25,41.99,1,1,Doab/Awadh,14,14,10,11,24,27
2022,297,KATRABAZAR,GONDA,47.86,39.99,7.76,1.16,60.44,32.23,1,1,Doab/Awadh,14,14,10,11,24,27
2022,298,COLONELGANJ,GONDA,55.8,37.49,1.94,1.94,58.52,35.55,1,0,Doab/Awadh,14,14,10,11,24,27
2022,299,TARABGANJ,GONDA,59.39,33.95,1.78,1.27,57.48,32.17,1,0,Doab/Awadh,14,14,10,11,24,27
2022,300,MANKAPUR,GONDA,57.69,34.57,3.59,0.66,55.06,30.98,1,1,Doab/Awadh,14,14,10,11,24,27
2022,301,GAURA,GONDA,42.62,29.31,6.38,18.31,53.69,13.31,1,1,Doab/Awadh,14,14,10,11,24,27
2022,302,SHOHRATGARH,SIDDHARTH NAGAR,0,0,11.75,10.67,52.6,12.89,0,1,Purvanchal,12,15,8,16,26,23
2022,303,KAPILVASTU,SIDDHARTH NAGAR,48.72,36.46,10.57,0.98,55.4,25.89,1,0,Purvanchal,12,15,8,16,26,23
2022,304,BANSI,SIDDHARTH NAGAR,44.82,34.04,11.69,1.55,49.48,22.35,1,1,Purvanchal,12,15,8,16,26,23
2022,305,ITWA,SIDDHARTH NAGAR,37.55,38.54,14.96,6.19,49.37,22.58,0,0,Purvanchal,12,15,8,16,26,23
2022,306,DOMARIAGANJ,SIDDHARTH NAGAR,40.82,41.19,9.88,1.19,50.15,30.94,0,0,Purvanchal,12,15,8,16,26,23
2022,307,HARRAIYA,BASTI,39.85,31.57,25.16,0.91,56.61,24.26,1,0,Purvanchal,12,15,8,16,26,23
2022,308,CAPTAINGANJ,BASTI,32.46,43.66,18.7,1.63,58.69,17.07,0,0,Purvanchal,12,15,8,16,26,23
2022,309,RUDHAULI,BASTI,30.33,36.82,16.04,1.9,54.07,14.29,0,0,Purvanchal,12,15,8,16,26,23
2022,310,BASTI SADAR,BASTI,38.99,39.81,16.86,1.9,57.66,22.13,0,1,Purvanchal,12,15,8,16,26,23
2022,311,MAHADEVA,BASTI,36.87,0,19.04,1.07,58.17,17.83,0,0,Purvanchal,12,15,8,16,26,23
2022,312,MEHNDAWAL,SANT KABIR NAGAR,0,35.08,20.87,0.98,52.74,19.86,0,0,Purvanchal,12,15,8,16,26,23
2022,313,KHALILABAD,SANT KABIR NAGAR,30.36,25.32,23.29,0.64,54.47,13.22,1,0,Purvanchal,12,15,8,16,26,23
2022,314,DHANGHATA,SANT KABIR NAGAR,38.5,0,18.82,0.91,56.03,16.31,1,0,Purvanchal,12,15,8,16,26,23
2022,315,PHARENDA,MAHARAJGANJ,39.69,7.78,10.24,40.28,60.07,29.44,0,1,Purvanchal,12,15,8,16,26,23
2022,316,NAUTANWA,MAHARAJGANJ,0,33.23,20.46,2.25,61.25,18.21,0,1,Purvanchal,12,15,8,16,26,23
2022,317,SISWA,MAHARAJGANJ,50.05,25.46,13.13,1.67,65.47,24.59,1,1,Purvanchal,12,15,8,16,26,23
2022,318,MAHARAJGANJ,MAHARAJGANJ,51.8,0,7.79,2.23,63.36,29.28,1,1,Purvanchal,12,15,8,16,26,23
2022,319,PANIARA,MAHARAJGANJ,52.11,28.48,13.4,1.15,61.3,23.63,1,0,Purvanchal,12,15,8,16,26,23
2022,320,CAIMPIYARGANJ,GORAKHPUR,54.38,35.37,5.86,1.16,58.27,29.51,1,1,Purvanchal,12,15,8,16,26,23
2022,321,PIPRAICH,GORAKHPUR,54.86,29.57,11.98,0.76,63.43,25.29,1,0,Purvanchal,12,15,8,16,26,23
2022,322,GORAKHPUR URBAN,GORAKHPUR,66.18,24.84,3.21,1.15,53.3,41.34,1,0,Purvanchal,12,15,8,16,26,23
2022,323,GORAKHPUR RURAL,GORAKHPUR,49.59,40.14,6.27,0.59,60.47,33.87,1,1,Purvanchal,12,15,8,16,26,23
2022,324,SAHAJANWA,GORAKHPUR,47.21,27.87,19.56,1.49,59.07,19.34,1,0,Purvanchal,12,15,8,16,26,23
2022,325,KHAJANI,GORAKHPUR,45.37,26.71,23.35,1.1,52.15,22.25,1,1,Purvanchal,12,15,8,16,26,23
2022,326,CHAURI-CHAURA,GORAKHPUR,44.65,24.68,12.18,0.85,57.96,19.97,1,0,Purvanchal,12,15,8,16,26,23
2022,327,BANSGAON,GORAKHPUR,46.26,29.13,19.73,1.09,49.26,18.65,1,1,Purvanchal,12,15,8,16,26,23
2022,328,CHILLUPAR,GORAKHPUR,42.49,32.98,20.08,0.6,52.79,18.72,1,0,Purvanchal,12,15,8,16,26,23
2022,329,KHADDA,KUSHINAGAR,0,0,9.76,1.11,60.29,20.22,0,0,Purvanchal,12,15,8,16,26,23
2022,330,PADRAUNA,KUSHINAGAR,49.8,31.53,9.13,1.45,59.81,22.4,1,0,Purvanchal,12,15,8,16,26,23
2022,331,TAMKUHI RAJ,KUSHINAGAR,50.81,21.47,7.44,14.78,56.48,29.34,1,1,Purvanchal,12,15,8,16,26,23
2022,332,FAZILNAGAR,KUSHINAGAR,51.61,31.59,12.56,1.03,56.08,20.02,1,0,Purvanchal,12,15,8,16,26,23
2022,333,KUSHINAGAR,KUSHINAGAR,52.14,36.4,7.29,0.67,58.91,29.12,1,0,Purvanchal,12,15,8,16,26,23
2022,334,HATA,KUSHINAGAR,55.7,28.3,10.03,1.06,57.9,27.41,1,0,Purvanchal,12,15,8,16,26,23
2022,335,RAMKOLA,KUSHINAGAR,58.27,0,10.76,1.91,57.44,33.87,1,0,Purvanchal,12,15,8,16,26,23
2022,336,RUDRAPUR,DEORIA,42.99,19.93,11.05,17.14,56.4,23.06,1,1,Purvanchal,12,15,8,16,26,23
2022,337,DEORIA,DEORIA,53.52,33.13,8.98,1.36,56.23,24.15,1,0,Purvanchal,12,15,8,16,26,23
2022,338,PATHARDEVA,DEORIA,46.65,32.4,16.73,0.97,59.29,15.76,1,1,Purvanchal,12,15,8,16,26,23
2022,339,RAMPUR KARKHANA,DEORIA,43.85,36.76,14.74,0.97,57.8,22.03,1,0,Purvanchal,12,15,8,16,26,23
2022,340,BHATPAR RANI,DEORIA,46.98,37.68,9.56,2.31,57.57,28.12,1,0,Purvanchal,12,15,8,16,26,23
2022,341,SALEMPUR,DEORIA,46.15,0,11.62,1.54,51.57,25.19,1,0,Purvanchal,12,15,8,16,26,23
2022,342,BARHAJ,DEORIA,46.33,37.22,12.58,1.12,57.96,24.64,1,0,Purvanchal,12,15,8,16,26,23
2022,343,ATRAULIA,AZAMGARH,0,39.55,22.17,0.96,59.47,20.58,0,0,Purvanchal,12,15,8,16,26,23
2022,344,GOPALPUR,AZAMGARH,29.1,40.87,21.89,0.8,54.7,17.94,0,0,Purvanchal,12,15,8,16,26,23
2022,345,SAGRI,AZAMGARH,31.17,42.76,21.1,0.72,54.5,19.86,0,0,Purvanchal,12,15,8,16,26,23
2022,346,MUBARAKPUR,AZAMGARH,23.03,36.02,21.74,0.59,58.8,15.66,0,1,Purvanchal,12,15,8,16,26,23
2022,347,AZAMGARH,AZAMGARH,35.87,42.66,16.62,0.92,55.5,19.25,0,0,Purvanchal,12,15,8,16,26,23
2022,348,NIZAMABAD,AZAMGARH,24.71,43.22,24.18,1.24,54.01,20.87,0,1,Purvanchal,12,15,8,16,26,23
2022,349,PHOOLPUR PAWAI,AZAMGARH,28.91,42,25.61,0.81,55,24.81,0,0,Purvanchal,12,15,8,16,26,23
2022,350,DIDARGANJ,AZAMGARH,30.25,36.99,23.43,0.85,54.7,18.42,0,0,Purvanchal,12,15,8,16,26,23
2022,351,LALGANJ,AZAMGARH,31.57,38.31,26.44,0.96,51,25.48,0,0,Purvanchal,12,15,8,16,26,23
2022,352,MEHNAGAR,AZAMGARH,32.94,39.35,22.7,0.75,52.8,20.72,0,0,Purvanchal,12,15,8,16,26,23
2022,353,MADHUBAN,MAU,35.24,33.26,22.82,1.73,55.23,19.25,1,0,Purvanchal,12,15,8,16,26,23
2022,354,GHOSI,MAU,33.57,42.21,21.12,0.78,58.22,20.34,0,1,Purvanchal,12,15,8,16,26,23
2022,355,MOHAMMADABAD GOHNA,MAU,29.8,41.48,24.68,1.07,59.86,23.29,0,0,Purvanchal,12,15,8,16,26,23
2022,356,MAU,MAU,31.03,0,15.96,2.36,57.91,15.08,0,0,Purvanchal,12,15,8,16,26,23
2022,357,BELTHARA ROAD,BALLIA,36.81,0,19.44,0.77,55.47,18.39,0,0,Purvanchal,12,15,8,16,26,23
2022,358,RASRA,BALLIA,12.08,0,43.82,0.65,55.98,28.45,0,0,Purvanchal,12,15,8,16,26,23
2022,359,SIKANDERPUR,BALLIA,36.03,42.75,16.78,1.05,57.36,19.26,0,0,Purvanchal,12,15,8,16,26,23
2022,360,PHEPHANA,BALLIA,38.57,48.78,7.46,1.18,57.17,31.11,0,1,Purvanchal,12,15,8,16,26,23
2022,361,BALLIA NAGAR,BALLIA,51.22,38.28,4.94,1.07,53.83,33.34,1,0,Purvanchal,12,15,8,16,26,23
2022,362,BANSDIH,BALLIA,47.67,37.82,5.01,2.01,53.24,32.81,1,0,Purvanchal,12,15,8,16,26,23
2022,363,BAIRIA,BALLIA,33,40.33,7.19,0.68,48.1,16.8,0,0,Purvanchal,12,15,8,16,26,23
2022,364,BADLAPUR,JAUNPUR,39.72,39.08,16.77,0.8,58.64,22.31,1,1,Purvanchal,12,15,8,16,26,23
2022,365,SHAHGANJ,JAUNPUR,0,35.91,20.32,0.63,56,16.95,0,1,Purvanchal,12,15,8,16,26,23
2022,366,JAUNPUR,JAUNPUR,39.35,36.11,12.31,4.89,58.28,23.8,1,1,Purvanchal,12,15,8,16,26,23
2022,367,MALHANI,JAUNPUR,8.01,42.57,10.5,0.63,59.73,24.41,0,1,Purvanchal,12,15,8,16,26,23
2022,368,MUNGRA BADSHAHPUR,JAUNPUR,39.52,41.9,14.84,0.83,56.8,24.68,0,0,Purvanchal,12,15,8,16,26,23
2022,369,MACHHLISHAHR,JAUNPUR,38.1,41.99,16.06,1,54.01,22.04,0,0,Purvanchal,12,15,8,16,26,23
2022,370,MARIAHU,JAUNPUR,0,38.62,16.93,0.71,57.11,21.7,0,0,Purvanchal,12,15,8,16,26,23
2022,371,ZAFRABAD,JAUNPUR,37.76,0,15.78,1,55.7,21.98,0,1,Purvanchal,12,15,8,16,26,23
2022,372,KERAKAT,JAUNPUR,35.04,39.13,21.49,1.12,56.2,20.37,0,1,Purvanchal,12,15,8,16,26,23
2022,373,JAKHANIA,GHAZIPUR,30.05,0,20.26,0.76,60.71,19.5,0,0,Purvanchal,12,15,8,16,26,23
2022,374,SAIDPUR,GHAZIPUR,30.88,46.36,19.06,0.72,58.13,18.17,0,1,Purvanchal,12,15,8,16,26,23
2022,375,GHAZIPUR,GHAZIPUR,40.06,40.81,14.97,0.54,54.2,25.09,0,0,Purvanchal,12,15,8,16,26,23
2022,376,JANGIPUR,GHAZIPUR,29.53,44.75,20.77,0.68,53.45,19.64,0,1,Purvanchal,12,15,8,16,26,23
2022,377,ZAHOORABAD,GHAZIPUR,28,0,21.49,0.63,59.03,20.75,0,1,Purvanchal,12,15,8,16,26,23
2022,378,MOHAMMADABAD,GHAZIPUR,37.64,45.26,13.18,1,56,24.47,0,1,Purvanchal,12,15,8,16,26,23
2022,379,ZAMANIA,GHAZIPUR,30.95,40.57,22.84,0.57,53.67,20.59,0,0,Purvanchal,12,15,8,16,26,23
2022,380,MUGHALSARAI,CHANDAULI,42.4,36.21,13.11,2.22,60,23.1,1,0,Purvanchal,12,15,8,16,26,23
2022,381,SAKALDIHA,CHANDAULI,32.84,40.7,20.63,2.42,61.12,18.21,0,1,Purvanchal,12,15,8,16,26,23
2022,382,SAIYADRAJA,CHANDAULI,41.85,36.65,17.54,1.03,61.2,19.1,1,1,Purvanchal,12,15,8,16,26,23
2022,383,CHAKIA,CHANDAULI,39.63,35.88,18.04,0.83,65.55,17.84,1,0,Purvanchal,12,15,8,16,26,23
2022,384,PINDRA,VARANASI,38.23,0,22.11,21.88,59,16.12,1,0,Purvanchal,12,15,8,16,26,23
2022,385,AJAGARA,VARANASI,41.25,0,17.26,0.87,65.49,20.25,1,0,Purvanchal,12,15,8,16,26,23
2022,386,SHIVPUR,VARANASI,45.76,0,16.12,1.36,67.18,18.64,1,1,Purvanchal,12,15,8,16,26,23
2022,387,ROHANIYA,VARANASI,0,0,10.68,6.8,60.39,18.83,0,0,Purvanchal,12,15,8,16,26,23
2022,388,VARANASI NORTH,VARANASI,54.61,38.05,4.25,1.26,57.38,33.81,1,1,Purvanchal,12,15,8,16,26,23
2022,389,VARANASI SOUTH,VARANASI,50.88,45.41,0.95,1.11,60.54,44.3,1,1,Purvanchal,12,15,8,16,26,23
2022,390,VARANASI CANTONMENT,VARANASI,60.63,25.01,2.9,9.76,53.14,35.62,1,1,Purvanchal,12,15,8,16,26,23
2022,391,SEVAPURI,VARANASI,47.6,37.41,10.89,1.35,63.94,26.51,1,0,Purvanchal,12,15,8,16,26,23
2022,392,BHADOHI,SANT RAVIDAS NAGAR,38.29,40.24,16.28,0.94,58.17,22.01,0,1,Purvanchal,12,15,8,16,26,23
2022,393,GYANPUR,SANT RAVIDAS NAGAR,0,31.23,14.29,0.9,54,14.97,0,0,Purvanchal,12,15,8,16,26,23
2022,394,AURAI,SANT RAVIDAS NAGAR,41.69,40.95,12.64,1.2,59.3,28.31,1,1,Purvanchal,12,15,8,16,26,23
2022,395,CHHANBEY,MIRZAPUR,0,29.71,14.83,1.82,56.38,17.58,0,0,Purvanchal,12,15,8,16,26,23
2022,396,MIRZAPUR,MIRZAPUR,52.09,34.58,8.57,1.61,55.24,26.01,1,0,Purvanchal,12,15,8,16,26,23
2022,397,MAJHAWAN,MIRZAPUR,0,28.38,21.59,1.39,60.26,20.21,0,0,Purvanchal,12,15,8,16,26,23
2022,398,CHUNAR,MIRZAPUR,50.26,0,13.31,1.89,60.7,21.56,1,0,Purvanchal,12,15,8,16,26,23
2022,399,MARIHAN,MIRZAPUR,44.51,17.74,17.94,2.08,62.25,26.57,1,0,Purvanchal,12,15,8,16,26,23
2022,400,GHORAWAL,SONBHADRA,40.46,30.9,18.75,4.15,63.24,14.61,1,0,Purvanchal,12,15,8,16,26,23
2022,401,ROBERTSGANJ,SONBHADRA,40.29,37.61,15.68,1.18,61.8,21.93,1,0,Purvanchal,12,15,8,16,26,23
2022,402,OBRA,SONBHADRA,48.04,31.83,12.34,2.77,52.4,19.49,1,0,Purvanchal,12,15,8,16,26,23
2022,403,DUDHI,SONBHADRA,41.28,38.2,11.68,2.22,64.9,26.52,1,0,Purvanchal,12,15,8,16,26,23
